code,title,year,ratings_avg,nations,genres,plot
md76rkk,스파이더맨: 뉴 유니버스,2018,8.376914062601951,['미국'],"['애니메이션', '액션', '모험', '코미디', '가족', 'SF']","평범한 10대 마일스가 우연히 방사능 거미에 물려 스파이더맨 능력을 얻게 된다. 혼란스러워하던 마일스는 악당과 싸우고 있는 피터 B. 파커를 만나게 되고, 피터 B. 파커는 마일스가 자신과 같은 능력을 가지고 있음을 직감한다. 서로를 만나면서 여러 개의 평행세계가 존재한다는 것을 알게 된 두 스파이더맨은 스파이더 그웬, 스파이더맨 누아르, 스파이더햄 등 평행세계 안에 공존하는 모든 스파이더맨들을 만나게 되는데… 하나의 유니버스에서 만나 팀을 결성한 스파이더맨들! 과연 세계를 구할 수 있을까?"
tPrzOrr,시맨틱 에러,2022,8.52872835273307,['한국'],"['로맨스', '드라마', 'BL', 'TV드라마']","컴공과 '아싸' 추상우의 완벽하게 짜인 일상에 에러처럼 나타난 안하무인 디자인과 '인싸' 장재영, 극과 극 청춘들의 캠퍼스 로맨스를 그린 왓챠 오리지널 드라마"
tRW0a6P,언내추럴,2018,8.618332106445731,['일본'],"['드라마', 'TV드라마']",의료 미스 등으로 비정상적이거나 부자연스러운 사인으로 죽음에 이른 시체들의 억울한 죽음 뒤에 있는 진실을 풀어나가는 사람들의 이야기를 그린 드라마
mLOP7lW,바람,2009,7.886674483468104,['한국'],"['드라마', '액션']","엄한 가정에서 자랐지만 형과 누나와는 다르게 간지나는 학창시절을 보내고 싶었던 짱구는 집안에서 유일하게 명문고에 진학하지 못해 골치덩이가 된다. 광춘상고는 교사들의 폭력과 학생들간 세력 다툼으로 부산일대에서 알아주는 악명 높은 학교. 광춘의 조회시간은 학교의 명성을 증명이라도 하듯 쓸만한 후배 물색으로 시작된다. 짱구는 입학 첫 날 ‘불법써클’몬스터의 카리스마에 압도 당하고... 학교 안에서 벌어지는 약육강식의 세계를 알아갈 무렵, 학교폭력 가담을 이유로 짱구 일행은 유치장 신세를 지게 된다. 짱구는 가까스로 정학만은 면하지만 다시 돌아온 학교에서 교내 불법 서클 ‘몬스터’의 유혹이 기다리고 있었는데..."
mMO2JAO,메멘토,2000,8.160310850923484,['미국'],"['미스터리', '스릴러']","아내가 살해당한 후, 10분밖에 기억 못하는 단기기억상실증에 걸린 남자가 사진, 메모, 문신으로 남긴 기록을 따라 범인을 쫓는 기억 추적 스릴러. <인터스텔라><인셉션> 크리스토퍼 놀란 감독의 첫 번째 마스터피스."
mdRL4eL,기생충,2019,8.592880518386183,['한국'],['드라마'],"“폐 끼치고 싶진 않았어요”

전원백수로 살 길 막막하지만 사이는 좋은 기택(송강호) 가족. 장남 기우(최우식)에게 명문대생 친구가 연결시켜 준 고액 과외 자리는 모처럼 싹튼 고정수입의 희망이다. 온 가족의 도움과 기대 속에 박사장(이선균) 집으로 향하는 기우. 글로벌 IT기업 CEO인 박사장의 저택에 도착하자 젊고 아름다운 사모님 연교(조여정)가 기우를 맞이한다. 그러나 이렇게 시작된 두 가족의 만남 뒤로, 걷잡을 수 없는 사건이 기다리고 있었으니…"
mOo0PkN,너의 이름은.,2016,8.088119383710769,['일본'],"['애니메이션', '드라마', '로맨스']","아직 만난 적 없는 너를, 찾고 있어

천년 만에 다가오는 혜성
기적이 시작된다

도쿄에 사는 소년 ‘타키’와 시골에 사는 소녀 ‘미츠하’는 서로의 몸이 뒤바뀌는 신기한 꿈을 꾼다. 낯선 가족, 낯선 친구들, 낯선 풍경들... 반복되는 꿈과 흘러가는 시간 속, 마침내 깨닫는다. 우리, 서로 뒤바뀐 거야?

절대 만날 리 없는 두 사람
반드시 만나야 하는 운명이 되다

서로에게 남긴 메모를 확인하며 점점 친구가 되어가는 ‘타키’와 ‘미츠하’. 언제부턴가 더 이상 몸이 바뀌지 않자 자신들이 특별하게 이어져있었음을 깨달은 ‘타키’는 ‘미츠하’를 만나러 가는데...

잊고 싶지 않은 사람
잊으면 안 되는 사람
너의 이름은?"
mdMBlkR,극한직업,2018,8.378736660461783,['한국'],['코미디'],"불철주야 달리고 구르지만 실적은 바닥, 급기야 해체 위기를 맞는 마약반. 더 이상 물러설 곳이 없는 팀의 맏형 고반장은 국제 범죄조직의 국내 마약 밀반입 정황을 포착하고 장형사, 마형사, 영호, 재훈까지 4명의 팀원들과 함께 잠복 수사에 나선다. 마약반은 24시간 감시를 위해 범죄조직의 아지트 앞 치킨집을 인수해 위장 창업을 하게 되고, 뜻밖의 절대미각을 지닌 마형사의 숨은 재능으로 치킨집은 일약 맛집으로 입소문이 나기 시작한다. 수사는 뒷전, 치킨장사로 눈코 뜰 새 없이 바빠진 마약반에게 어느 날 절호의 기회가 찾아오는데…

범인을 잡을 것인가, 닭을 잡을 것인가!"
m5DP0eR,헤어질 결심,2021,8.27887604981023,['한국'],"['로맨스', '드라마', '미스터리', '범죄', '스릴러']","산 정상에서 추락한 한 남자의 변사 사건. 담당 형사 '해준'(박해일)은 사망자의 아내 '서래'(탕웨이)와 마주하게 된다.

“산에 가서 안 오면 걱정했어요, 마침내 죽을까 봐.”

남편의 죽음 앞에서 특별한 동요를 보이지 않는 서래. 경찰은 보통의 유가족과는 다른 서래를 용의선상에 올린다. 해준은 사건 당일의 알리바이 탐문과 신문, 잠복수사를 통해 서래를 알아가면서 그녀에 대한 관심이 점점 커져가는 것을 느낀다. 한편, 좀처럼 속을 짐작하기 어려운 서래는 상대가 자신을 의심한다는 것을 알면서도 조금의 망설임도 없이 해준을 대하는데….

진심을 숨기는 용의자
용의자에게 의심과 관심을 동시에 느끼는 형사
그들의 <헤어질 결심>"
mdRLwlv,컨택트,2016,7.928592266337357,['미국'],"['미스터리', 'SF', '스릴러', '드라마']","외계에서 온 비행물체들이 거대한 위용을 자랑하며 지구에 도착하지만 왜 그들이 지구에 왔는지는 아무도 모른다. 혼란에 빠진 지구, 외계인들과의 소통을 위해 언어학자인 루이스를 포함한 특별팀이 구성되어 비행물체로 접근하게 되고 지구를 구하기 위한 그들의 사투가 시작된다."
mWJyZx5,백만엔걸 스즈코,2008,7.535778189229979,['일본'],['드라마'],"독립을 꿈꾸던 스즈코는 룸메이트 타케시와 다툼 끝에 결국 전과자가 된다. 출소 후, 그녀는 백만엔을 모으면 집을 떠나겠다고 선언한다. 자신이 전과자인걸 아무도 모르는 먼 곳에서 다시 백만엔을 모으면 또 다른 곳으로 떠날 것을 결심한다. 바닷가 마을 작은 식당에서 일하는 것을 시작으로 스즈코는 계획대로 백만엔이 모이자 새로운 곳으로 떠난다. 다음으로 그녀가 도착한 곳은 산골의 복숭아 과수원. 그곳에서 생활에 점차 적응해갈 무렵, 촌장과 마을 사람들은 스즈코에게 마을 홍보를 위해 ‘복숭아 아가씨’를 해줄 것을 제안한다. 곤란해하던 그녀는 결국 모두의 앞에서 전과가 있음을 고백하고 급히 마을을 떠난다. 도쿄에서 그리 멀지 않은 소도시로 온 스즈코는 꽃집에서 일하며 대학생 나카지마를 만나게 된다. 친절하고 상냥하며, 무엇보다 스즈코의 과거를 알고도 개의치 않는 나카지마와 스즈코는 사랑에 빠진다. 그런데 어느덧 통장의 잔고는 계획했던 백만엔에 거의 가까워지는데…"
tPJ1joR,바라카몬,2014,8.242929750052218,['일본'],"['애니메이션', '코미디']",사회적 물의를 일으킨 유명 서예가가 시골에 들어가 자숙하며 벌어지는 이야기를 그린 애니메이션.
tlLrZk4,스토브리그,2019,8.650387412623354,['한국'],"['스포츠', '드라마', 'TV드라마']","팬들의 눈물마저 마른 꼴찌팀에 새로 부임한 단장이 남다른 시즌을 준비하는 뜨거운 겨울 이야기. 

프로야구 경제적 효과 2조원, 프로야구 관중 800만 시대, 역동적인 그라운드, 진한 땀 냄새에 열광하는 프로야구 팬들의 취향 저격하는 이야기. 선수가 아닌 단장을 비롯한 프런트들의 이야기다. 프로 스포츠의 조연인 프런트를 쫓아가는 이 드라마는 사실 그들이 단순 그림자가 아닌 겨울 시즌의 또 다른 주인공임을 보여줄 것이다."
tEZAQWd,30살까지 동정이면 마법사가 될 수 있대,2020,7.990109601381278,['일본'],"['BL', '판타지', '로맨스', '코미디', 'TV드라마']","잘생긴 동기의 속마음이 들려요...

동정인 채로 30살을 맞이한 주인공이 '속마음을 읽을 수 있는 마법'을 사용할 수 있게 되면서 벌어지는 순도 100% 러브 코미디!"
mW4LNQP,콜 미 바이 유어 네임,2017,7.903078579453251,"['이탈리아', '프랑스', '미국', '브라질']","['드라마', '로맨스']","1983년 이탈리아, 열 일곱 소년 엘리오(티모시 샬라메)는 아름다운 햇살이 내리쬐는 가족 별장에서 여름이 끝나기만을 기다리고 있다 어느 오후, 스물 넷 청년 올리버(아미 해머)가 아버지(마이클 스털버그)의 보조 연구원으로 찾아오면서 모든 날들이 특별해지는데... 엘리오의 처음이자 올리버의 전부가 된 그 해, 여름보다 뜨거웠던 사랑이 펼쳐진다"
m5DpxB5,더 울프 오브 월 스트리트,2013,7.623645394494141,['미국'],"['전기', '범죄', '드라마']","화려한 언변, 수려한 외모, 명석한 두뇌를 지닌 조단 벨포트(레오나르도 디카프리오)는 주가 조작으로 월스트리트 최고의 억만장자가 된다. 주체할 수 없이 많은 돈을 손에 쥔 그는 술과 파티, 여자에게 아낌 없이 쏟아 붓고, 급기야 FBI의 표적이 되는데…"
m5xJngq,아가씨,2016,7.702493733648023,['한국'],"['드라마', '로맨스', '스릴러', '시대극']","어릴 적 부모를 잃고 후견인 이모부(조진웅)의 엄격한 보호 아래 살아가는 귀족 아가씨(김민희). 그녀에게 백작이 추천한 새로운 하녀가 찾아온다. 매일 이모부의 서재에서 책을 읽는 것이 일상의 전부인 외로운 아가씨는 순박해 보이는 하녀에게 조금씩 의지하기 시작한다.

하지만 하녀의 정체는 유명한 여도둑의 딸로, 장물아비 손에서 자란 소매치기 고아 소녀 숙희(김태리). 막대한 재산을 상속받게 될 아가씨를 유혹하여 돈을 가로채겠다는 사기꾼 백작(하정우)의 제안을 받고 아가씨가 백작을 사랑하게 만들기 위해 하녀가 된 것. 드디어 백작이 등장하고, 백작과 숙희는 자신만의 방식으로 아가씨의 마음을 흔들기 시작하는데…

돈과 마음을 뺏기 위해 서로 속고 속이는
매혹적인 그들의 이야기가 시작된다!"
mWpbblv,"자우림, 더 원더랜드",2022,7.874944171505136,['한국'],['다큐멘터리'],"대한민국 최고의 밴드 자우림은 데뷔 25주년을 맞이하여 117명의 팬들이 코러스로 참여하는 특별한 앨범을 만든다. 그리고 25년 기념 콘서트를 준비하게 되는데... 1997년 데뷔한 자우림의 세계관과 개인적인 에피소드들, 위기의 순간과 자우림 음악의 핵심인 ‘청춘’에 대한 진심 어린 이야기까지, 어디에서도 볼 수 없었던 자우림의 솔직한 면모를 함께 들여다본다. (2023년 제24회 전주국제영화제)"
tRa3Q0l,오란고교 사교클럽,2006,8.67687320650441,['일본'],"['로맨스', '애니메이션']",엄청난 부잣집 자제들만이 들어갈 수 있는 사립학교 오란 학원에서 벌어지는 이야기를 그린 애니메이션
tRBxA7l,킬링 이브 시즌 1,2018,8.491357712552004,"['미국', '영국']","['드라마', '스릴러', 'TV드라마']",스파이가 되고 싶었던 MI5 직원 이브는 책상 앞에 묶여 지루한 나날을 보내고 있었다. 재능이 뛰어난 킬러 빌라넬은 이 폭력적인 직업이 선사하는 희열을 양분 삼아 살고 있었다. 이 두 명의 대단한 여성이 서로에게 사로잡혀 서로를 쫓기 시작한다. 전형적인 스파이 액션 스릴러를 무너뜨리는 추격 게임이 펼쳐진다.
tEK2x2l,커피프린스 1호점,2007,8.323242538394668,['한국'],"['로맨틱 코미디', 'TV드라마', '드라마']",남자 행세를 하는 스물네 살의 여주인공과 정략결혼을 피하기 위해 동성애자인 척하는 남자 주인공이 커피프린스 1호점에서 펼치는 사랑이야기
mOAgnP5,도둑들,2012,7.719604180579898,['한국'],"['범죄', '액션', '드라마']","한 팀으로 활동 중인 한국의 도둑 뽀빠이와 예니콜, 씹던껌, 잠파노. 미술관을 터는데 멋지게 성공한 이들은 뽀빠이의 과거 파트너였던 마카오박이 제안한 홍콩에서의 새로운 계획을 듣게 된다. 여기에 마카오박이 초대하지 않은 손님, 감옥에서 막 출소한 금고털이 팹시가 합류하고 5명은 각자 인생 최고의 반전을 꿈꾸며 홍콩으로 향한다. 홍콩에서 한국 도둑들을 기다리고 있는 4인조 중국도둑 첸, 앤드류, 쥴리, 조니. 최고의 전문가들이 세팅된 가운데 서로에 대한 경계를 늦추지 않는 한국과 중국의 도둑들. 팽팽히 흐르는 긴장감 속에 나타난 마카오박은 자신이 계획한 목표물을 밝힌다. 그것은 마카오 카지노에 숨겨진 희대의 다이아몬드 <태양의 눈물>. 성공을 장담할 수 없는 위험천만한 계획이지만 2천만 달러의 달콤한 제안을 거부할 수 없는 이들은 태양의 눈물을 훔치기 위한 작업에 착수한다. 그러나 진짜 의도를 알 수 없는 비밀스런 마카오박과 그런 마카오박의 뒤통수를 노리는 뽀빠이, 마카오박에게 배신당한 과거의 기억을 잊지 못하는 팹시와 팀보다 눈 앞의 현찰을 먼저 챙기는 예니콜, 그리고 한국 도둑들을 믿지 않는 첸과 중국 도둑들까지. 훔치기 위해 모였지만 목적은 서로 다른 10인의 도둑들은 서서히 자신만의 플랜을 세우기 시작하는데…"
mNdK17W,시간을 달리는 소녀,2006,8.249942176759944,['일본'],"['애니메이션', 'SF', '판타지', '로맨스']","평범한 고등학교 2학년 학생인 콘노 마코토는 어떤 사고를 계기로 본의 아니게 시간을 이동하는 능력을 얻게 된다. 어딘가 독특한 분위기를 풍기는 이모 요시야마 카즈코에게 상담을 해 본 결과, 그것은 '타임 리프'라 불리는 능력으로 마코토 또래의 여자아이들에게 자주 있는 일이라고 아무렇지도 않게 말하는 것이다. 처음에는 적지않게 당황하기도 했지만, 원하는 시간으로 되돌아가서 하고 싶었던 일, 미처 하지 못했던 일 등 원하는 것은 모두 할 수 있게 된 마코토는 세상이 전부 자기 것이 된 듯한 기분에 푹 잠긴다.

그러나 머잖아 클래스메이트이자 친한 친구 사이인 마미야 치아키와 츠다 코스케와의 관계에 미묘한 변화가 생긴다. 치아키로부터 생각지도 못한 고백을 받게 된 마코토는 당황한 나머지 타임 리프 능력을 이용해 그 고백을 강제로 없었던 것으로 만들어 버린다. 그저 세 사람의 우정이 지금처럼 이대로 계속되었으면 좋겠다고 생각했을 뿐이었지만 마코토의 바람은 점점 엉뚱한 방향으로 흘러가 버리고, 사건의 전모를 알고 있는 이모 카즈코는 ""사귀면 되지 뭘 그러니""라는 태평한 충고를 해 줄 뿐이다. 이제 마코토는 자신으로 인해 꼬여버린 관계를 풀기 위해 타임 리프 능력을 사용해 동분서주하는데..."
mWyJpxy,암살,2015,8.006020191696946,['한국'],"['액션', '드라마']","1933년 조국이 사라진 시대, 대한민국 임시정부는 일본 측에 노출되지 않은 세 명을 암살작전에 지목한다. 한국 독립군 저격수 안옥윤, 신흥무관학교 출신 속사포, 폭탄 전문가 황덕삼! 김구의 두터운 신임을 받는 임시정부 경무국 대장 염석진은 이들을 찾아 나서기 시작한다. 암살단의 타깃은 조선주둔군 사령관 카와구치 마모루와 친일파 강인국. 한편, 누군가에게 거액의 의뢰를 받은 청부살인업자 하와이 피스톨이 암살단의 뒤를 쫓는데..."
myWqyBW,트와일라잇,2008,7.288353003282982,['미국'],"['드라마', '판타지', '로맨스']","얼음보다 차갑고 빛보다 빠른 그가 온다!

17세의 평범한 고등학생 소녀 ‘벨라’는 집안 사정으로 워싱턴 주 포크스에 있는 아빠의 집으로 이사를 온다. 전학 첫날, ‘벨라’는 냉담하지만 자신을 무장 해제시킬 정도로 잘생긴 ‘에드워드’와 마주치고, 전율과 두려움 넘치는 인생의 전환을 맞이한다. ‘에드워드’와 돌이킬 수 없는 사랑에 빠져든 ‘벨라’. 하지만 ‘에드워드’와 그의 가족이 뱀파이어 일족이라는 사실을 알게 되고, 예기치 못한 운명에 빠져든다.

판타지 로맨스의 신화가 다시 시작된다!"
tR5Kzqa,야무진 고양이는 오늘도 우울,2023,8.604967474866942,['일본'],"['애니메이션', '코미디', '일상']","어느 날 후쿠자와 사쿠는 죽기 직전의 아기 고양이를 줍는다. 유키치라는 이름을 갖게 된 고양이는 놀라운 크기로 성장했고, 사쿠를 대신하여 요리, 빨래, 이웃 사귀기 등 모든 것을 완벽하게 해낸다."
tE6YLBr,포커 페이스,2023,8.42083250348536,['미국'],"['범죄', '드라마', '미스터리', 'TV드라마']",찰리의 발길이 닿는 곳마다 누군가가 죽는다. 내 갈 길이나 가고 싶지만 용의자의 모든 거짓말이 눈에 보이는 그녀는 쉽게 지나칠 수 없다. 진범이 밝혀지기 전까진.
m5XMArN,바닷마을 다이어리,2015,7.687139458889154,['일본'],"['가족', '드라마']","15년 전 가족을 버린 아버지의 장례식, 어릴 적 나와 꼭 닮은 아이를 만났다. 조그마한 바닷가 마을 카마쿠라에 살고 있는 ‘사치’, ‘요시노’, ‘치카’는 15년 전 집을 떠난 아버지의 부고를 듣고 장례식장으로 향한다. 아버지에 대한 미움도, 추억도 어느덧 희미해졌지만 홀로 남겨진 이복 여동생 ‘스즈’에게만은 왠지 마음이 쓰이는데... ""스즈, 우리랑 같이 살래? 넷이서…”"
m5awavO,황해,2010,7.522078320891724,['한국'],"['스릴러', '액션', '범죄']","황해를 건너 온 남자, 모두가 그를 쫓는다!

연변에서 택시를 운전하며 구질구질한 일상을 살아가는 구남. 한국으로 돈 벌러 간 아내는 6개월째 소식이 없고, 돈을 불리기 위해 마작판에 드나들지만 항상 잃을 뿐이다. 그러던 어느 날, 살인청부업자 면가에게서 한국에 가서 누군가를 죽이고 오라는 제안을 받게 된 구남은 빚을 갚기 위해, 그리고 아내를 만나기 위해 황해를 건너는데…

매서운 바다를 건너 서울로 온 구남은 살인 기회를 노리는 동시에 아내의 행방을 수소문한다. 하지만 목표물은 구남의 눈앞에서 살해 당하고, 구남은 현장에서 도주하지만 살인자 누명을 쓴 채 경찰에 쫓기게 된다. 이에 청부살인을 의뢰했던 태원은 증거 인멸을 위해 구남을 없애려 하고, 연변에 있던 면가 또한 황해를 건너와 구남을 쫓기 시작하는데…

지독한 놈들에게서 벗어나기 위한, 절박한 사투가 시작된다!"
mdjagwO,친구,2001,7.574730911913409,['한국'],"['액션', '범죄']","준석(유오성), 동수(장동건), 상택(서태화), 중호(정운택) 네 친구는 초등학교 때부터 친했던 친구들. 고등학교에 갔을 때 모범생이 된 상택과 달리 준석과 동수는 학교에서 가장 잘 싸우는 녀석들이 됐다. 아버지가 왕년에 폭력조직 보스였던 준석은 또래에서 맏형 노릇을 하고 장의사집 아들 동수는 준석의 든든한 오른팔이 된다. 어느 날 영화관에서 준석과 동수는 떼로 몰려드는 타학교 학생들과 혈전을 벌이고 퇴학당한다. 자기 때문에 벌어진 싸움이건만 평소 모범생이던 자신만 유기정학을 당하자 상택은 가출을 결심한다. 준석은 그런 상택을 만류하고 고등학교를 졸업하면서 네 친구는 각자 다른 길을 걷게 되는데..."
mOo01Ld,양들의 침묵,1991,8.20383811673847,['미국'],"['범죄', '드라마', '스릴러', '공포']","FBI요원 스탈링(조디 포스터)은 몸집이 비대한 여자들의 살을 도려내는 변태살인자를 추적하라는 상부의 명령을 받는다. 스탈링은 사건 해결의 단서를 얻기 위해 인육을 먹은 죄로 감옥에 수감된 정신과 의사 렉터 박사(안소니 홉킨스)를 찾아간다. 지능범인 렉터와 침착하게 대처하는 스탈링은 긴장감 속에서 협상을 한다.

이러한 와중에 상원의원의 딸 캐더린이 납치된다. 결국 범인의 정체를 알려준다던 렉터는 다른 감옥으로 이송되고 스탈링은 수사에서 제외된다. 범인에 대한 단서를 알아낸 범죄심리 전문가인 렉터는 이송중에 도주한다. 스탈링은 혼자 수사를 계속하던 중 렉터와 나눈 마지막 대화를 기억하고 추적하는데..."
m5XBN4O,미드나잇 인 파리,2011,7.902850032098601,"['미국', '스페인', '프랑스']","['코미디', '판타지', '로맨스', '로맨틱 코미디']","약혼녀 이네즈(레이첼 맥아덤스)와 파리로 여행 온 소설가 길(오웬 윌슨). 파리의 낭만을 만끽하고픈 자신과는 달리 파리의 화려함을 즐기고 싶어하는 이네즈에게 실망한 길은 결국 홀로 파리의 밤거리를 산책하게 된다. 매일 밤 12시, 시간을 넘나드는 로맨틱 야행이 시작된다! 열두 시 종이 울리는 순간 홀연히 나타난 클래식 푸조에 올라탄 길이 도착한 곳은 놀랍게도 1920년대 파리! 그 곳에서 그은 평소에 동경하던 헤밍웨이, 피카소, 달리 등 전설적 예술가들과 친구가 되어 매일 밤, 꿈 같은 시간을 보낸다. 그러던 어느 날, 헤밍웨이와 피카소의 연인 애드리아나(마리옹 꼬띠아르)를 만나게 된 길은 예술과 낭만을 사랑하는 매혹적인 그녀에게 빠져들게 되는데…"
tRWm6V6,주술회전 2기: 회옥·옥절,2023,8.600177226406734,['일본'],"['애니메이션', '액션', '모험', '판타지', '스릴러']",주술사로 활약하는 고죠와 게토는 텐겐에게 적합한 인간 성장체인 리코의 호위 임무를 맡게 된다. 하지만 주술사 킬러 후시구로가 성장체의 암살을 노리고 개입한다.
m5Go91n,극장판 주술회전 0,2021,8.09887811370983,['일본'],"['애니메이션', '액션', '모험', '판타지', '스릴러']","어릴 적 소꿉친구인 오리모토 리카를 교통사고로 눈앞에서 잃은 옷코츠 유타.

“약속해, 리카와 유타는 어른이 되면 결혼하기로” 
옷코츠는 원령으로 변한 리카의 저주에 괴로워한 나머지, 자신도 죽기를 바라지만 최강의 주술사인 고죠 사토루에 의해 주술고전에 들어가게 된다. 그리고 동급생인 젠인 마키, 이누마키 토게, 판다를 만나면서 굳은 결심을 한다. 

“살아도 된다는 자신감이 필요해”  
“나는 주술고전에서 리카의 저주를 풀겠습니다” 
한편, 옷코츠와 친구들 앞에 과거에 일반인을 대량으로 학살해서 고전에서 추방된 최악의 주저사인 게토 스구루가 나타난다.

“12월 24일, 우리는 백귀야행을 결행한다”
주술사만의 낙원을 만들려는 게토는 비술사를 섬멸하겠다면서, 신주쿠와 교토에 천의 저주를 내리는데…과연 옷코츠는 게토를 막을 수 있을까? 그리고 리카의 저주를 풀 수 있을까?"
myWqxp5,파이트 클럽,1999,8.278600366682085,"['미국', '독일', '이탈리아']","['드라마', '액션']","당신이 알고 있는 모든 것은 허구다! 

비싼 가구들로 집 안을 채우지만 삶에 강한 공허함을 느끼는 자동차 리콜 심사관 ‘잭’. 거부할 수 없는 매력의 거친 남자 ‘테일러 더든’과의 우연한 만남으로 본능이 이끄는 대로 삶을 살기로 결심한다. 어느 날, “싸워봐야 네 자신을 알게 된다”라는 테일러 더든의 말에 통쾌한 한 방을 날리는 잭. 두 사람은 여태껏 경험해보지 못한 강렬한 카타르시스를 느끼며 ‘파이트 클럽’이라는 비밀 조직을 결성하고, 폭력으로 세상에 저항하는 거대한 집단이 형성된다. 하지만, 걷잡을 수 없이 커진 ‘파이트 클럽’은 시간이 지날수록 의미가 변질되고, 잭과 테일러 더든 사이의 갈등도 점차 깊어져 가는데…

거침없는 진짜 남자들의 진짜 싸움이 시작된다!"
mOPpNlO,비긴 어게인,2013,8.258659465239015,['미국'],"['코미디', '드라마', '음악', '로맨스']","다시 시작해, 너를 빛나게 할 노래를!

싱어송라이터인 ‘그레타’(키이라 나이틀리)는 남자친구 ‘데이브’(애덤 리바인)가 메이저 음반회사와 계약을 하게 되면서 뉴욕으로 오게 된다. 그러나 행복도 잠시, 오랜 연인이자 음악적 파트너로서 함께 노래를 만들고 부르는 것이 좋았던 그레타와 달리 스타가 된 데이브의 마음은 어느새 변해버린다.

스타 음반프로듀서였지만 이제는 해고된 ‘댄’(마크 러팔로)은 미치기 일보직전 들른 뮤직바에서 그레타의 자작곡을 듣게 되고 아직 녹슬지 않은 촉을 살려 음반제작을 제안한다. 거리 밴드를 결성한 그들은 뉴욕의 거리를 스튜디오 삼아 진짜로 부르고 싶었던 노래를 만들어가는데…"
tlnN6J1,귀멸의 칼날: 도공 마을편,2023,8.85777381407398,['일본'],"['애니메이션', '액션', '판타지', '스릴러']","규타로와의 전투로 검이 심하게 손상된 탄지로는 대장장이 호타루를 만나러 도공 마을을 방문한다. 한편, 113년 만에 상현 혈귀가 죽자 분개한 무잔은 나머지 혈귀들에게 또 다른 습격 명령을 내린다."
tR5KzKN,【최애의 아이】,2023,8.047426092911769,['일본'],"['애니메이션', '드라마', '미스터리']","산부인과 의사로 일하는 고로 앞에 그가 좋아하는 아이돌 B 코마치의 아이가 나타난다. 그녀에겐 어떤 금단의 비밀이 있었고, 두 사람의 최악의 만남에서 운명이 움직이기 시작한다."
tPD9aLl,아따맘마,2002,7.941358373873364,['일본'],['애니메이션'],"아따맘마는 어디에도 있을법한 지극히 평범한 4명의 가족을 중심으로 하여 일상생활을 소재로 하여 올 컬러로 그려낸 만화이다. 단행본은 현 9권까지 나와있으며 현재도 연재중인 인기작. 언제나 노래를 부르며 항상 즐거운 엄마와 소박하고 평범하며 약간 얼빠진 듯한 행동을 보이는 귀여운 고교생인 아리, 부끄러움을 잘 타는 수줍쟁이 소년인 중학생 동동, 말없고 뭐든 무관심해보이는 아빠. 이렇게 개성만점 4가족을 중심으로 그려지고 있다. 독자들은 자신들의 생활을 비추어 보며 ""앗 이런 적 있어! 나도 경험한 적 있는데..!!"" 와 같은 공감을 할 수 있게 되는 것이 이 만화의 강점이라 할 수 있겠다."
mLOPva5,달콤한 인생,2005,7.738739316581948,['한국'],"['액션', '범죄', '드라마']","서울 하늘 한 켠, 섬처럼 떠 있는 한 호텔의 스카이라운지. 그 곳은 냉철하고 명민한 완벽주의자 선우의 작은 성이다. '왜'라고 묻지 않는 과묵한 의리, 빈틈 없는 일 처리로 보스 강사장의 절대적 신뢰를 획득, 스카이라운지의 경영을 책임지기까지, 그는 꼬박 7년의 세월을 바쳤다.  룰을 어긴 자는 이유를 막론하고 처단하는 냉혹한 보스 강사장. 그런 그에게는 남들에게 말 못 할 비밀이 하나 있다. 젊은 애인 희수의 존재가 바로 그것. 그녀에게 딴 남자가 생긴 것 같다는 의혹을 가진 강사장은 선우에게 그녀를 감시, 사실이면 처리하라고 명령하는데..."
m5ng0DW,블레이드 러너 2049,2017,7.490213104228452,"['미국', '영국', '헝가리', '캐나다', '스페인']","['액션', '드라마', '미스터리', 'SF', '스릴러']","인간과 리플리컨트가 혼재된 2049년. 인간의 통제를 벗어난 리플리컨트를 쫓는 블레이드 러너 K(라이언 고슬링)는 임무 수행 도중 약 30년 전 여자 리플리컨트의 유골을 발견하고 충격적으로 출산의 흔적까지 찾아낸다. 리플리컨트가 출산까지 가능하다는 사실이 알려지면 사회에 큰 혼란이 야기되므로 이를 덮으려는 경찰 조직과, 그 비밀의 단서를 찾아내 더욱 완벽한 리플리컨트를 거느리고 세상을 장악하기 위해 K를 쫓는 니안더 월레스(자레드 레토). 리플리컨트의 숨겨진 진실에 접근할수록 점차 정체성의 혼란을 겪게 되는 K는 과거 블레이드 러너였던 릭 데커드(해리슨 포드)를 만나 전혀 상상치 못한 진실을 마주하게 되는데..."
m5ZlXxL,나이브스 아웃,2019,8.016414443658212,['미국'],"['코미디', '범죄', '드라마', '미스터리', '스릴러']",세계적인 베스트셀러를 낸 미스터리 소설 작가가 85세 생일에 숨진 채 발견된다. 그의 죽음의 원인을 파헤치기 위해 경찰과 함께 탐정 브누아 블랑이 파견 되는데…
tEgAwJP,학원 베이비시터즈,2018,8.504326468387843,['일본'],"['애니메이션', '키즈']",비행기 사고로 부모를 잃은 주인공이 어린 동생을 돌보며 사립학교의 보육실에서 베이비시터로 분투하는 이야기를 그린 애니메이션
tPrzdaO,와이 우먼 킬 시즌 1,2019,8.746681017026258,['미국'],"['코미디', '범죄', '드라마', 'TV드라마']","1채의 집
3구의 시체
3명의 여성
문제는 단 한 가지, 그들의 남편.

1960년대 주부, 1980년대 사교계 명사, 2019년의 변호사. 여성의 사회적 지위가 각기 다른 시대를 살고 있는 이 3명의 여성들이 시대를 관통하는 바로 그 문제! 결혼생활의 불신을 다룬다."
mgOA4mW,바스터즈: 거친 녀석들,2009,8.1301696489569,"['미국', '독일']","['모험', '드라마', '전쟁']","2차 세계 대전, 나치의 잔인하고 폭력적인 행태에 분개한 미군 알도 레인 중위(브래드 피트)는 당한 만큼 돌려준다는 강렬한 신념으로 최고의 재능을 가진 8명의 대원을 모아 바스터즈란 군단을 만들어 나치가 점령한 프랑스에 잠입해 복수를 시작한다. 어느 날 알도 레인 중위는 독일의 여배우이자 영국의 더블 스파이인 브리짓(다이앤 크루거)에게 뜻밖의 소식을 듣는다. 나치 수뇌부가 모두 참석하는 독일 전쟁 영화의 프리미어에 히틀러도 참석을 한다는 것. 한 번에 나치를 모두 쓸어버릴 계획으로 바스터즈는 이탈리아 영화 관계자로 분장해 극장으로 향하는데..."
m6dRLWy,타짜,2006,8.332656349259064,['한국'],['드라마'],"가구공장에서 일하며 남루한 삶을 사는 고니는 대학보다 가난을 벗어나게 해줄 돈이 우선인 청년. 어느 날 고니는 가구공장 한 켠에서 박무석 일행이 벌이는 화투판에 끼게 되지만, 고니는 그 판에서 3년 동안 모아두었던 돈 전부를 날리고 만다. 그것이 전문 도박꾼들이 짜고 친 판이었단 사실을 뒤늦게 안 고니는 박무석 일행을 찾아 나서고, 도박으로 시비가 붙은 한 창고에서 우연인 듯 필연처럼 전설의 타짜 평경장을 만난다. 그리고 잃었던 돈의 다섯 배를 따면 화투를 그만두겠단 약속을 하고, 그와 함께 본격적인 꽃싸움에 몸을 던지기 위한 동행길에 오른다."
my5Y83d,노팅 힐,1999,8.03846029776043,['영국'],"['로맨스', '로맨틱 코미디']","윌리엄 태커(휴 그랜트분)는 웨스트 런던의 ‘노팅 힐’에 사는 소심한 남자. 역시 독신의 괴상한 친구 스파이크(리스 아이판스 분)와 함께 살고있는 그는, 노팅힐 시장 한쪽 구석에 위치한 조그마한 여행서적 전문점을 운영하며 살고 있다. 그에게는 미래에 대한 포부나 설계는 사치에 불과하다. 여느 때와 마찬가지로 무미건조한 하루를 보내고 있던 그는 세계적으로 유명한 인기 영화배우 안나 스콧(줄리아 로버츠 분)이 그의 책방 문을 열고 들어와 책을 사고 나가자 잠깐 동안에 일어난 이 엄청난 사건에 어쩔 줄을 모른다."
tRbq439,호리미야,2021,8.413331876828217,['일본'],"['애니메이션', '로맨틱 코미디', '로맨스', '코미디', '드라마']",겉은 화려해 보이지만 사실은 수수하고 가정적인 호리와 학교에서는 음침하지만 사실은 현란한 미소년 미야무라의 아련하고 짜릿한 이야기
tR4JrKo,좋좋소,2021,8.304202812965258,['한국'],['드라마'],"취업에 번번이 실패하던 충범에게 걸려온 지금 와줄 수 있냐는 의문의 전화. 그 날 이후 충범은 중소기업 '정승네트워크'의 일원이 됐다.

승자는 나야 둘이 될 수 없어! 이 광야엔 영원한 친구도, 영원한 적도 없다. 정승네트워크와 백인터내셔널의 전쟁, 과연 끝날 수 있을까? 레알현생 직장우화, 좋좋소 시즌5"
mWyJ9NO,아포칼립토,2006,7.405144204386089,"['멕시코', '영국', '미국']","['액션', '모험', '드라마', '스릴러']","가혹한 운명에 맞선 최후의 전사,
외로운 전쟁을 시작하다.

마야문명이 번창하던 시절, 평화로운 부족 마을의 젊은 전사 ‘표범 발’은 가족과 함께 행복한 나날을 보내며 살아가고 있다. 그러던 어느 날, 잔인한 전사로 구성된 침략자들이 마을을 습격하여 부족민을 학살하고 젊은 남녀를 그들의 왕국으로 끌고 가는 일이 발생한다. ‘표범 발’은 이 혼란 속에 그의 아내와 어린 아들을 깊숙한 우물에 숨긴 채 자신은 인질로 끌려가게 된다. 

계속되는 처철한 혈투, 이젠 그가 점점 변해 간다!

죽음과 마주친 위기 상황에서 겨우 탈출한 ‘표범 발’은 우물 속에 숨겨둔 가족에게 돌아가는데, 적들의 집요한 추적은 계속된다. 맹수의 습격과 늪지대 등 생명을 위협하는 요소가 가득한 숲 속…하지만 무엇보다도 무서운 것은 최강의 전사로 구성된 추격대다. 생명을 위협하는 죽음의 손길이 조금씩 다가오는 가운데, ‘표범 발’은 도리어 적들을 향해 기상천외한 공격을 하기 시작하는데…"
m5XK6PL,작은 아씨들,2019,7.972864743125696,['미국'],"['드라마', '로맨스']","Dear women 
그해 겨울, 사랑스러운 자매들을 만났다.

배우가 되고 싶은 첫째 메그(엠마 왓슨)
작가가 되고 싶은 둘째 조(시얼샤 로넌)
음악가가 되고 싶은 셋째 베스(엘리자베스 스켈런)
화가가 되고 싶은 막내 에이미(플로렌스 퓨)
이웃집 소년 로리(티모시 샬라메)는 네 자매를 우연히 알게되고 각기 다른 개성의 네 자매들과 인연을 쌓아간다. 

7년 후, 어른이 된 그들에겐 
각기 다른 숙제가 놓이게 되는데…"
tEm9YpW,어쩌다 발견한 하루,2019,8.020039927308423,['한국'],"['틴에이저', '로맨스', '코미디', '드라마', 'TV드라마']","여고생 단오가 정해진 운명을 거스르고 사랑을 이뤄내는 본격 학원 로맨스 드라마. 

여고생 단오(김혜윤)의 일상이 뒤집힌다! 어쩌다 발견한 이 세상이 순정만화 속이란 사실! 그럼 여자주인공인 나와 운명적인 사랑을 할 남자주인공은 누구?! 
순정만화 주인공들의 썸에 이용되기만 하는 엑스트라 단오(김혜윤). 약혼자 백경(이재욱)에겐 상처만 받는데, 그때 단오를 구해주러 나타난 한 남학생의..넓은 등짝?"
mwWLpkW,가타카,1997,8.047232466412261,['미국'],"['SF', '드라마', '스릴러']",가타카의 주인공 빈센트는 자연이 섭리에 의해 태어난 인간이다. 반면 그의 동생 안톤은 유전자의 선택으로 태어났다. 빈센트는 약하고 병에 잘 걸리며 유전자적 열성인 근시이다. 빈센트의 꿈은 우주 비행이지만 그러한 약체 때문에 우주탐사팀을 보내는 회사인 가타카에서 청소부로 밖에 취직할 수 없다.  그러던 중 빈센트는 DNA 중개인을 통해 교통사고로 불구가 된 수영선수이자 유전학적으로 우성인 제롬 모로우를 소개받고 그의 유전인자를 돈으로 사게 된다. 그리하여 제롬의 유전인자로 가타카에 엘리트 사원으로 취직한 빈센트는 거기서 미모의 여성 아일린과 사랑에 빠지는데...
mW9EZlW,늑대아이,2012,7.945826437622145,['일본'],"['판타지', '애니메이션']","평범한 여대생 '하나'는 강의실에서 우연히 만나게 된 '그'에게 반하게 되고, 곧 사랑에 빠지게 된다. 하지만 '그'는 평범한 사람이 아닌 늑대인간이었다. 너희가 늑대아이라는 것은 모두에게 비밀이야! 늑대인간과의 동화 같은 사랑 후에 남은 것은 두 아이뿐... 눈 내리는 날에 태어난 누이 '유키', 비 내리는 날 태어난 동생 '아메'. 두 아이에게는 커다란 비밀이 있는데... 바로 흥분(!)하면 귀가 쫑긋! 꼬리가 쏘옥~ 나오는 늑대아이라는 것! 남들과 조금 다른 육아, 남들과 살짝 다른 고민! 신비로운 운명을 살아가는 남매와 특별한 두 아이를 키우는 엄마의 이야기가 시작됩니다!"
mOgBDaW,펄프 픽션,1994,8.049692656483371,['미국'],"['범죄', '드라마']",펌킨(팀 로스)과 허니 버니(아만다 플러머)가 레스토랑에서 강도 행각을 벌이기 시작한다. 빈센트(존 트라볼타)와 동료 줄스(사무엘 L 잭슨)는 두목의 금가방을 찾기 위해 다른 건달이 사는 아파트를 찾아간다. 마르셀러스(빙 레임스)는 부치(브루스 윌리스)에게 돈을 주며 상대 선수에게 져 주라고 하지만 부치는 상대 선수를 때려 눕히고 도망치다 어릴 때 아버지에게 물려받은 시계를 찾기 위해 아파트로 향한다. 아무런 상관 없이 보이는 이 사건들이 서로 얽히고 섥히면서 예상치 못한 인과관계가 만들어지는데...
m5X2Mlz,백두산,2019,6.8179122748445975,['한국'],"['드라마', '액션', '모험', '재난']","대한민국 관측 역사상 최대 규모의 백두산 폭발 발생. 갑작스러운 재난에 한반도는 순식간에 아비규환이 되고, 남과 북 모두를 집어삼킬 추가 폭발이 예측된다. 사상 초유의 재난을 막기 위해 ‘전유경’(전혜진)은 백두산 폭발을 연구해 온 지질학 교수 ‘강봉래’(마동석)의 이론에 따른 작전을 계획하고, 전역을 앞둔 특전사 EOD 대위 ‘조인창’(하정우)이 남과 북의 운명이 걸린 비밀 작전에 투입된다. 작전의 키를 쥔 북한 무력부 소속 일급 자원 ‘리준평’(이병헌)과 접선에 성공한 ‘인창’. 하지만 ‘준평’은 속을 알 수 없는 행동으로 ‘인창’을 곤란하게 만든다. 한편, ‘인창’이 북한에서 펼쳐지는 작전에 투입된 사실도 모른 채 서울에 홀로 남은 ‘최지영’(배수지)은 재난에 맞서 살아남기 위해 고군분투하고 그 사이, 백두산 마지막 폭발까지의 시간은 점점 가까워 가는데…"
mO2x9k5,어바웃 타임,2013,8.598955048973686,['영국'],"['판타지', '드라마', '로맨틱 코미디', '코미디', '로맨스']","모태솔로 팀(도널 글리슨)은 성인이 된 날, 아버지(빌 나이)로부터 놀랄만한 가문의 비밀을 듣게 된다. 바로 시간을 되돌릴 수 있는 능력이 있다는 것! 그것이 비록 히틀러를 죽이거나 여신과 뜨거운 사랑을 할 수 는 없지만, 여자친구는 만들어 줄 순 있으리...

꿈을 위해 런던으로 간 팀은 우연히 만난 사랑스러운 여인 메리에게 첫눈에 반하게 된다. 그녀의 사랑을 얻기 위해 자신의 특별한 능력을 마음껏 발휘하는 팀. 어설픈 대시, 어색한 웃음은 리와인드! 뜨거웠던 밤은 더욱 뜨겁게 리플레이! 꿈에 그리던 그녀와 매일매일 최고의 순간을 보낸다.

하지만 그와 그녀의 사랑이 완전해 질수록 팀을 둘러싼 주변 상황들은 미묘하게 엇갈리고, 예상치 못한 사건들이 여기저기 나타나기 시작하는데…

어떠한 순간을 다시 살게 된다면,
과연 완벽한 사랑을 이룰 수 있을까?"
mOk6ZMW,오만과 편견,2005,7.94156164225897,['영국'],"['로맨스', '드라마']","사랑이 시작될 때 빠지기 쉬운... (오만과 편견) | 운명은 사랑을 따라 변합니다...
 아름답고 매력적인 '엘리자베스(키이라 나이틀리)'는 사랑하는 사람과의 결혼을 믿는 자존심 강하고 영리한 소녀. 좋은 신랑감에게 다섯 딸들을 시집 보내는 것을 남은 인생의 목표로 생각하는 극성스러운 어머니와 자식들을 극진히 사랑하는 너그러운 아버지와 함께 화기애애한 '베넷가(家)'의 다섯 자매 중 둘째이다.  조용한 시골에 부유하고 명망있는 가문의 신사 '빙리'와 그의 친구 '다아시(매튜 맥파든)'가 여름 동안 대저택에 머물게 되고, 대저택에서 열리는 댄스 파티에서 처음 만난 '엘리자베스'와 '다아시'는 서로에게 눈을 떼지 못한다. 하지만 자존심 강한 '엘리자베스'와 무뚝뚝한 '다아시'는 만날 때 마다 서로에게 속마음을 드러내지 않고 사랑의 줄다리기를 하는데, '다아시'는 아름답고 지적인 그녀의 매력에 점점 빠져들고 폭우가 쏟아지는 날, 비바람이 몰아치는 언덕에서 가슴 속 깊은 곳에 담아둔 뜨거운 사랑을 그녀에게 고백한다.  결혼의 조건은 오직 진정한 사랑이라고 믿는 '엘리자베스'는, '다아시'가 자신의 친구 '빙리'와 그녀의 언니 '제인'의 결혼을 '제인'이 명망있는 가문 출신이 아니라는 이유로 반대한 것을 알게 되자, 그를 오만하고 편견에 가득 찬 속물로 여기며 외면하는데... 서로에 대한 오해와 편견에 빠져 눈이 멀어있는 '엘리자베스'와 '다아시'는 과연 서로의 진심을 알고 사랑을 이룰 수 있을까..."
tlxkZqA,바라카몬,2023,8.41614420062696,['일본'],"['코미디', '드라마', 'TV드라마']","서예에 자부심이 넘쳤던 한다 세이슈는 자신의 작품을 혹평받자 격분하고, 이를 본 아버지가 그를 고토 열도로 쫓아낸다. 섬에 도착하자마자 그가 마주친 건 자유분방한 이웃 초등학생! 도시 청년 한다가 이 섬에 적응할 수 있을까?"
tE6YL9K,언데드 걸 머더 파르스,2023,8.304107424960506,['일본'],"['애니메이션', '미스터리', '판타지']","괴물과 인간이 공존하던 19세기 말. 머리만 남은 불로불사 탐정 린도 아야는 괴물을 죽이는 반인반귀 신우치 츠가루, 메이드 시즈쿠와 함께 자신의 잃어버린 몸을 찾아 떠난다."
tRaDoKq,무직전생Ⅱ ~이세계에 갔으면 최선을 다한다~,2023,8.118072289156627,['일본'],"['애니메이션', '판타지', '모험', '코미디']","무직에 폐인처럼 살아가던 34세 남자가 트럭에 치여 목숨을 잃는다. 그는 검과 마법이 존재하는 이세계에서 아기로 환생하고, 이세계의 소년 루데우스로서 최선을 다해 살아가기로 맹세한다."
m5mQ9z5,"광해, 왕이 된 남자",2012,7.962343055436682,['한국'],"['시대극', '드라마', '역사']",왕위를 둘러싼 권력 다툼과 당쟁으로 혼란이 극에 달한 광해군 8년. 자신의 목숨을 노리는 자들에 대한 분노와 두려움으로 난폭해져 가던 광해군은 도승지 허균에게 자신을 대신하여 위협에 노출될 대역을 찾을 것을 지시한다. 이에 허균은 기방의 취객들 사이에 걸쭉한 만담으로 인기를 끌던 하선을 발견한다. 왕과 똑같은 외모는 물론 타고난 재주와 말솜씨로 왕의 흉내도 완벽하게 내는 하선. 영문도 모른 채 궁에 끌려간 하선은 광해군이 자리를 비운 하룻밤 가슴 조이며 왕의 대역을 하게 되는데...
mBOk6gW,릴리 슈슈의 모든 것,2001,7.484797155416189,['일본'],['드라마'],"'릴리 슈슈'의 노래를 너무나 사랑하는 열네 살 소년 유이치. 그러나 그의 일상은 힘들다. 둘도 없는 단짝 친구 호시노가 어느날 반 아이들의 리더가 되어 자신을 이지메 시키고 첫사랑 쿠노 역시 이지메를 당하지만 그녀를 도와주기에는 자신의 슬픔을 감당하기에도 벅차다. 소년의 유일한 안식처는 오로지 영혼을 뒤흔드는 듯한 ‘릴리 슈슈’의 노래 뿐... 그러나 현실은 노래로 감출 만큼 만만하지 않다.

가상의 가수 '릴리 슈슈'를 좋아하는 팬 클럽의 운영자 유이치. 현실에서는 따돌림을 당하고 금품 갈취를 당하거나 폭력을 당하는 것이 일상이다. 그 반동으로 릴리 슈슈의 팬 클럽 운영에 더 적극적이게 되지만..."
m2WyDM5,에이 아이,2001,7.998248324082218,['미국'],"['모험', 'SF', '판타지', '드라마']","극지방의 해빙으로 인해 도시들이 물에 잠기고 지구상의 모든 천연자원이 고갈되어 가는 어느 먼 미래. 인류의 과학문명은 천문학적인 속도로 발전하여 인공지능을 지닌 로봇을 개발하기에 이른다. 집안 일, 정원 가꾸기에서부터 오락 기능을 수행할 수 있는 로봇까지. 로봇이 인간의 편의를 위해 궂은 일을 대신하게 된다. 어느 날, 하비 박사(윌리엄 허트)는 로봇공학 발전의 마지막 관문이자, 논란의 쟁점이 되고 있는 '감정이 있는 로봇'을 만들겠다고 공언한다. 그는 로봇회사인 사이버트로닉스사에서 감정을 지닌 최초의 인공지능 로봇, 데이비드(할리 조엘 오스먼트)를 탄생시킨다. 데이비드는 사이버트로닉스사의 직원인 헨리 스윈튼(샘 로바즈)과 모니카(프란시스 오코너)의 집에 실험 케이스로 입양된다. 스윈튼 부부의 친아들 마틴은 불치병에 걸려 치료약이 개발될 때까지 냉동되어 있는 상태. 인간을 사랑하도록 프로그래밍된 데이비드는 모니카를 엄마로 여기며 점차 인간사회에 적응해간다. 하지만 아들 역할도 잠시, 마틴이 퇴원해 가족의 품으로 돌아오자 데이비드는 슈퍼토이 테디 베어와 함께 숲 속에 버려지는데..."
m15GvKd,퀸카로 살아남는 법,2004,7.483194678500126,"['캐나다', '미국']","['로맨틱 코미디', '코미디']",동물학자인 아버지를 따라 아프리카에서 성장한 케이디 (린제이 로한 분)는 일리노이즈의 고등 학교로 전학을 오게 된다. 케이디가 전학 온 고등학교에는 레지나(레이첼 맥아담스 분) 라는 퀸카가 그녀의 매력을 주무기로 학교의 여왕으로 군림을 하고 있었다.  레지나는 케이디가 지닌 미모와 지성이 자신이 누리고 있는 교내 '여왕벌'의 위치를 위협할 수 있다고 판단하고 그녀를 감시할 목적으로 케이디에게 접근을 하여 둘은 친구가 된다. 케이디는 수학시간에 만난 남학생 애런 사무엘 (조나단 베넷 분) 에게 한눈에 반하여 그와 사귀려는 노력을 하지만 그는 바로 레지나의 헤어진 남자 친구였다. 케이디가 애런에게 관심이 있는 것을 안 레지나는 고의로 그들의 사이를 방해하고 케이디에게 모욕감을 느끼게 한다. 이 일을 계기로 케이디는 레지나를 극도로 미워하게 되고 둘 사이에는 서로상대를 꺽기 위한 숨막히는 권모술수가 동원된 팽팽한 대결이 시작되는데.
mWzxxZd,맨 프럼 어스,2007,7.831713862249872,['미국'],"['SF', '판타지', '드라마']","10년간 지방의 대학에서 교수 생활을 하던 중에 종신교수직도 거절하고 돌연 이사를 가려는 존 올드맨 (데이빗 리 스미스 분)은 그의 행동에 의심을 품고 집요하게 추궁하는 동료들이 마련한 환송회에서 갑자기 폭탄선언을 한다. 그건 다름 아닌 자신이 14,000년 전부터 살아온 사람이라는 것. 만약에..로 시작한 고백에서 그는 매번 10년마다 자신이 늙지 않는다는 것을 알아채기 전에 다른 신분으로 바꿔 이주해왔고 이 곳에서도 10년을 채웠기 때문에 떠날 수 밖에 없으며, 자신이 그 동안 이동하면서 역사 속 많은 인물들과 사건에 관여했다고 주장한다. 맨 처음엔 그저 농담으로 생각하던 사람들이 게임형식으로 질문을 던지고, 존이 논리정연 답변을 척척 해나가면서 각 분야 전문가인 동료 교수들은 그의 주장에 점차 신빙성이 있음을 알게 된다. 그러나 급기야 그가 자신이 부처의 가르침을 중동에 전하려다 본의 아니게 예수가 되어버렸다고 하자 존의 주장에 수긍해 주던 독실한 기독교 신자인 동료의 분노를 사버린다. 그럼에도 불구하고 존의 논리적으로 반박할 수 없는 정연함에 동료 모두들 괴로워하자 그런 동료를 위해 존은 지금까지의 자신의 얘기가 다 거짓말이었다고 주장한다. 하지만 동료들이 다 떠나고 나서 그의 주장에 대한 놀라운 진실이 밝혀지는데..."
tP8Q1zl,지붕 뚫고 하이킥,2009,8.27478467705025,['한국'],"['시트콤', '드라마', 'TV드라마']",서울로 상경한 두 자매가 성북동 순재네 집 식모로 입주하게 되면서 이 집 식구들과 벌이는 유쾌한 에피소드를 담은 시트콤이다.
tEQkV7k,좀100 ~좀비가 되기 전에 하고 싶은 100가지~,2023,7.056463595839524,['일본'],"['애니메이션', '액션', '스릴러']","악덕 기업에서 근무하는 텐도 아키라는 몸도 마음도 지쳐있다. 그러던 어느 날 아침 거리에 좀비 팬데믹이 발생하고, 그 순간 아키라는 회사에 가지 않아도 된다는 사실에 해방감을 느낀다."
tl9gpqj,사막의 왕,2022,6.80439980870397,['한국'],"['판타지', '드라마', 'TV드라마']",돈이 전부라고 믿는 사람들과 돈이 다가 아니라 믿는 사람들의 선택에 관한 이야기를 그린 왓챠 오리지널 작품
mQO8b5R,러브레터,1995,8.00171821785885,['일본'],['로맨스'],"오늘에서야 다시 꺼내봅니다.
당신이 머문 곳에서…

사랑했던 연인 후지이 이츠키가 죽은 지 2년. 그의 약혼녀 와타나베 히로코는 여전히 그를 잊지 못하고 있다. 추모식 날, 히로코는 그의 중학교 졸업 앨범에서 지금은 이미 국도가 되어 버린 그의 중학교 시절 주소를 발견한다. 그리운 마음에 안부를 묻는 편지를 띄우는 히로코. 하지만 며칠 후, 후지이 이츠키로부터 거짓말처럼 답장이 날아오고, 히로코는 편지를 보낸 그 사람이 그와 같은 이름을 지닌 여자이며 그의 중학교 동창이라는 것을 알게 된다. 후지이는 히로코의 부탁으로 중학교 시절을 추억하고, 아름다웠던 중학교 시절의 이야기가 히로코에게 편지를 통해 들려진다."
mdj09rW,"장화, 홍련",2003,6.681295420071993,['한국'],"['공포', '스릴러']","인적이 드문 시골, 이름 모를 들꽃들이 소담하게 피어 있는 신작로 끝에 일본식 목재 가옥이 홀로 서 있다. 낮이면 피아노 소리가 들려 올 듯 아름다운 그 집은 그러나,어둠이 내리면 귀기 서린 음산함을 뿜기 시작한다. 예사롭지 않은 기운이 서려 있는 이 집에서 어른도 아이도 아닌 아름다운 두자매. 수미.수연이, 아름답지만 신경이 예민한 새엄마와 함께 살게 된 그날. 그 가족의 괴담이 시작된다.

수연, 수미 자매가 서울에서 오랜 요양을 마치고 돌아 오던 날. 새엄마 은주는 눈에 띄게 아이들을 반기지만, 자매는 그녀를 꺼리는 기색이 역력하다. 함께 살게 된 첫날부터 집안에는 이상한 기운이 감돌고 가족들은 환영을 보거나 악몽에 시달린다. 수미는 죽은 엄마를 대신해 아버지 무현과 동생 수연을 손수 챙기려 들고, 생모를 똑 닮은 수연은 늘 겁에 질려 있다. 신경이 예민한 은주는 그런 두 자매와 번번히 다투게 되고, 아버지 무현은 그들의 불화를 그저 관망만 한다. 은주는 정서불안 증세를 보이며 집안을 공포 분위기로 몰아가고, 동생을 지키기 위해 안간힘을 쓰는 수미가 이에 맞서는 가운데, 집안 곳곳에서 괴이한 일들이 잇달아 벌어지기 시작하는데..."
mOVvDap,원스 어폰 어 타임... 인 할리우드,2019,7.388994684462402,"['미국', '영국', '중국']","['코미디', '드라마']","1969년 세계를 떠들썩하게 했던 ‘배우 샤론 테이트 살인 사건’을 기발하게 뒤집은 타란티노 감독의 마스터피스!

1969년 할리우드, 잊혀져 가는 액션스타 ‘릭 달튼’과 그의 스턴트 배우 겸 매니저인 ‘클리프 부스’는 과거의 영광을 되찾기 위해 고군분투하지만 새로운 스타들에 밀려 큰 성과를 거두진 못한다.

그러던 어느 날 ‘릭’의 옆집에 할리우드에서 가장 핫한 ‘로만 폴란스키’ 감독과 배우 ‘샤론 테이트’ 부부가 이사 오자 ‘릭’은 새로운 기회가 생길 수도 있다고 기뻐하지만 인사조차 나누지 못한다.

형편상 더 이상 함께 일할 수 없게 된 ‘릭’과 ‘클리프’는 각자의 길을 가기로 하고 ‘릭’의 집에서 술을 거나하게 마시던 중 뜻하지 않은 낯선 방문객을 맞이하게 되는데…"
tRw554l,미란다 시즌 1,2009,8.476937535375972,['영국'],"['로맨스', '코미디', '시트콤', 'TV드라마']","사교적인 생활에 익숙하지 않고, 언제 어디서나 엉뚱한 실수와 사고를 일으키지만 친구들과 함께 쾌활하게 살아가는 미란다의 일상을 그린다."
m5GXz42,라라랜드,2016,8.283614618863515,['미국'],"['코미디', '드라마', '음악', '뮤지컬', '로맨스']","황홀한 사랑, 순수한 희망, 격렬한 열정…
이 곳에서 모든 감정이 폭발한다!

꿈을 꾸는 사람들을 위한 별들의 도시 ‘라라랜드’. 재즈 피아니스트 ‘세바스찬’(라이언 고슬링)과 성공을 꿈꾸는 배우 지망생 ‘미아’(엠마 스톤). 인생에서 가장 빛나는 순간 만난 두 사람은 미완성인 서로의 무대를 만들어가기 시작한다."
mYdEnE5,캐치 미 이프 유 캔,2002,8.160690737833596,"['미국', '캐나다']","['범죄', '드라마', '코미디']","2003년 전미를 뒤집은 희대의 사기극!  이것은 실화다!  1965년, FBI를 발칵 뒤집는 사건이 발생한다. 파일럿을 가장해 모든 비행기의 무임승차는 기본, 50개 주 은행을 순회하며 무려 140만 달러를 횡령한 희대의 사기꾼이 나타난 것이다. FBI는 최고의 베테랑 요원 칼을 수사에 투입하고, 번번히 놈의 속임수에 당하던 칼은 드디어 오랜 추적 끝에 범인의 정체를 알아낸다. 그의 이름은 프랭크 아비그네일. 나이... 17살. 17살?! 천재 사기꾼과 FBI 요원의 유쾌한 머리싸움은 이제 시작이다."
md7ZopO,2012,2009,6.838397222095308,['미국'],"['재난', '액션', '모험', 'SF']","고대 마야 문명에서부터 끊임없이 회자되어 온 인류 멸망. 2012년, 저명한 과학자들은 오랜 연구 끝에 실제로 멸망의 시기가 다가오고 있음을 감지하고 각국 정부에 이 사실을 알린다. 그리고 곧 고대인들의 예언대로 전세계 곳곳에서는 지진, 화산 폭발, 거대한 해일 등 각종 자연 재해들이 발생해 그 누구도 막을 수 없는 최후의 순간이 도래한다. 한편, 이혼 후 가족과 떨어져 살던 소설가 잭슨 커티스(존 쿠삭)는 인류 멸망에 대비해 진행되어 왔던 정부의 비밀 계획을 알아차리고 가족과 함께 살아남기 위한 필사의 사투를 벌이는데…"
mWJy7M5,악마를 보았다,2010,7.55562222429268,['한국'],"['공포', '범죄', '스릴러']","국정원 경호요원 ‘수현(이병헌)’은 약혼녀 주연이 잔인하게 살해당하자 자신에게 가장 소중한 사람을 지켜내지 못했다는 자괴감과 분노로 가장 고통스러운 복수를 다짐한다. 수현은 연쇄살인마 ‘장경철(최민식)’이 범인임을 알아내고 죽을 만큼의 고통만 가하고 놓아주기를 반복하며 처절한 응징을 시작한다. 그러나, 악마보다 더 악랄한 살인마 장경철은 난생 처음 만난 대등한 적수의 출현을 즐기며 반격에 나서기 시작하는데…"
m85X9LW,이터널 선샤인,2004,8.315213490469139,['미국'],"['드라마', '로맨스', 'SF']","조엘은 아픈 기억만을 지워준다는 라쿠나사를 찾아가 헤어진 연인 클레멘타인의 기억을 지우기로 결심한다. 기억이 사라져 갈수록 조엘은 사랑이 시작되던 순간, 행복한 기억들, 가슴 속에 각인된 추억들을 지우기 싫어지기만 하는데... 당신을 지우면 이 아픔도 사라질까요? 사랑은 그렇게 다시 기억된다."
m5nQ7nd,데어 윌 비 블러드,2007,8.261410788381744,['미국'],['드라마'],"1898년 지독한 알콜 중독자에 부인도 없이 홀로 아들을 키우며 아무도 거들떠 보지 않는 황무지 사막 한가운데서 금을 캐는 무일푼 광부. 어느날 이곳에서 그는 석유 유전을 발굴하면서 일확천금의 행운을 누리게 된다. 야심찬 석유 개발과 함께 시작된 야망과 꿈은 어느새 탐욕과 폭력으로 바뀌게 되고, 쉴새 없이 샘솟는 석유와는 반대로 이들 사이에는 사랑과 존경, 희망, 믿음 등이 사라져만 가는데…"
m5m14vD,시카리오: 암살자의 도시,2015,7.754220116722078,"['미국', '멕시코', '홍콩']","['액션', '범죄', '드라마', '미스터리', '스릴러']","하나의 작전, 서로 다른 목표. 당신이 믿었던 정의가 파괴된다. 사상 최악의 마약 조직을 소탕하기 위해 미국 국경 무법지대에 모인 FBI요원 케이트(에밀리 블런트)와 CIA 소속의 작전 총 책임자 맷(조슈 브롤린), 그리고 작전의 컨설턴트로 투입된 정체불명의 남자 알레한드로(베니치오 델 토로). 누구도 믿을 수 없는 극한 상황 속, 세 명의 요원들은 서로 다른 목표를 향해 움직인다. [제20회 부산국제영화제]"
m5xJLaO,셔터 아일랜드,2010,7.766881417656083,['미국'],"['미스터리', '스릴러']","아무도 빠져 나갈 수 없는 고립된 섬,
‘셔터아일랜드’에서 누군가 사라졌다!

보스턴 셔터아일랜드의 정신병원에서 환자가 실종되는 사건이 발생한다. 연방보안관 테디 다니엘스(레오나르도 디카프리오)는 수사를 위해 동료 척(마크 러팔로)과 함께 셔터아일랜드로 향한다. 셔터아일랜드에 위치한 이 병원은 중범죄를 저지른 정신병자를 격리하는 병동으로 탈출 자체가 불가능하다. 하지만 자식 셋을 죽인 혐의를 받고 있는 여인이 이상한 쪽지만을 남긴 채 감쪽같이 사라지고, 테디는 수사를 위해 의사, 간호사, 병원관계자 등을 심문하지만 모두 입이라도 맞춘 듯 꾸며낸 듯한 말들만 하고, 수사는 전혀 진척되지 않는다. 설상가상 폭풍이 불어 닥쳐 테디와 척은 섬에 고립되게 되고, 그들에게 점점 괴이한 일들이 일어나기 시작한다.

그날 밤, 셔터아일랜드에서는 대체 무슨 일이 일어난 것인가!"
tlObYNX,이직의 마왕님,2023,7.413173652694611,['일본'],"['드라마', 'TV드라마']",'전직의 마왕'이라는 별명을 가진 독설 어드바이저가 전직 희망자들에게 자신감과 희망을 되찾게 하는 엔터테인먼트 드라마
m5Xxqp5,호빗 : 뜻밖의 여정,2012,7.62282066101502,"['뉴질랜드', '미국']","['모험', '판타지']","호빗족 ‘빌보 배긴스’는 어느 날 갑자기 찾아온 회색의 마법사 ‘간달프’로부터 뜻밖의 제안을 받는다. 오래 전 난쟁이족의 영토였지만 무시무시한 용 ‘스마우그’에게 빼앗겨 황무지로 변한 동쪽의 ‘외로운 산’ 에레보르 왕국을 되찾기 위해 함께 떠나자는 것. 어쩔 수 없이 전설의 용사 ‘소린’이 이끄는 13명의 난쟁이족과 함께 고블린과 오르크, 흉악한 괴수 와르그, 마법사들과 마주쳐야 하는 위험한 여정에 오른다.

외로운 산에 가기 위해서 반드시 거쳐야 하는 고블린 동굴에서 일행과 떨어져 헤매던 빌보는 그의 일생을 뒤바꿔놓는 존재인 ‘골룸’과 마주치게 되고, 골룸과의 수수께끼 대결 중에 대단한 힘을 지닌 ‘절대반지’를 얻게 된다. 험난한 여행의 길에서 빌보는 자신도 몰랐던 용기와 능력을 발견하지만, 바로 그 절대반지로 인해 짐작도 못할 중간계의 거대한 운명에 휘말리게 되는데…"
mW4a6gO,로리타,1997,6.411619732216912,"['프랑스', '미국']","['드라마', '로맨스']","슬픈 첫사랑의 아픔을 간직한 47세의 불문학자 험버트(제레미 아이언스). 뜨거운 여름, 강의차 미국 뉴잉글랜드에 들른다. 샤롯트(멜라니 그리피스)라는 미모의 미망인의 집에 거처를 마련한 그는 그녀의 딸 로리타(도미니크 스웨인)를 본 순간, 아찔한 사랑에 빠진다. 결국 험버트는 로리타의 곁을 떠나지 않기 위해 샬롯의 프로포즈를 받아들이고 그녀와 결혼한다. 그러던 어느날, 로리타에 대한 마음을 기록한 그의 일기장을 샬롯이 발견하고, 그 충격에 거리로 뛰쳐나가 교통사고로 죽고 만다. 어머니의 죽음을 알게 된 로리타는 자신을 버리지 말라고 험버트에게 매달리는데..."
m5nwoZ9,날씨의 아이,2019,7.667216655495019,['일본'],"['애니메이션', '드라마', '판타지', '로맨스']","""이제 비는 그치고, 
우리의 세상이 빛나기 시작할 거야”

비가 그치지 않던 어느 여름날, 
가출 소년 ‘호다카’는 수상한 잡지사에 취직하게 되고 
비밀스러운 소녀 ‘히나’를 우연히 만난다.

“지금부터 하늘이 맑아질 거야”
그녀의 기도에 거짓말 같이 빗줄기는 멈추고, 
사람들의 얼굴에 환한 빛이 내려온다.

“신기해, 
날씨 하나에 사람들의 감정이 이렇게나 움직이다니”

하지만, 맑음 뒤 흐림이 찾아오듯 
두 사람은 엄청난 세계의 비밀을 마주하게 되는데…

흐리기만 했던 세상이 빛나기 시작했고, 
그 끝에는 네가 있었다."
tR4JKw5,"최고의 교사: 1년 후, 나는 학생에게 ■당했다",2023,7.476580796252928,['일본'],"['미스터리', '스릴러', '드라마', 'TV드라마']",졸업식날 학생 중 누군가에게 밀어 떨어뜨려진 교사가 1년 전 개학일로 시간을 거슬러 올라가 자신을 살해하는 용의자 30명의 학생들과 마주하며 펼쳐지는 이야기를 그린 드라마
m5XMJ1W,노인을 위한 나라는 없다,2007,7.994531778005986,['미국'],"['범죄', '드라마', '스릴러']","르웰린 모스(조쉬 브롤린)는 총격전이 벌어진 끔찍한 현장에서 우연히 이백만 달러가 들어있는 가방을 손에 넣는다. 그러나 이 가방을 찾는 또 다른 이가 있었으니 바로 살인마 안톤 시거(하비에르 바르뎀). 그리고 이들의 뒤를 쫓는 보안관 벨(토미 리 존스)까지 합세하면서 누구도 피할 수 없는, 목숨을 건 추격전이 시작된다. ​"
mdBzraD,마스터,2016,7.120840615188587,['한국'],"['범죄', '스릴러', '액션']","""썩은 머리 이번에 싹 다 잘라낸다""

화려한 언변, 사람을 현혹하는 재능, 정관계를 넘나드는 인맥으로 수만 명 회원들에게 사기를 치며 승승장구해 온 원네트워크 ‘진회장’(이병헌). 반년간 그를 추적해 온 지능범죄수사팀장 ‘김재명’(강동원)은 진회장의 최측근인 ‘박장군’(김우빈)을 압박한다. 원네트워크 전산실 위치와 진회장의 로비 장부를 넘기라는 것. 뛰어난 프로그래밍 실력과 명석한 두뇌로 원네트워크를 키워 온 브레인 박장군은 계획에 차질이 생긴 것을 감지하자 빠르게 머리를 굴리기 시작한다.

진회장은 물론 그의 뒤에 숨은 권력까지 모조리 잡기 위해 포위망을 좁혀가는 재명, 오히려 이 기회를 틈타 돈도 챙기고 경찰의 압박에서도 벗어날 계획을 세우는 장군. 하지만 진회장은 간부 중에 배신자가 있음을 눈치채고, 새로운 플랜을 가동하는데…

지능범죄수사대, 희대의 사기범, 그리고 브레인
서로 속고 속이는 추격이 시작된다!"
mOkB6jW,월드워Z,2013,7.61650110464708,"['미국', '영국', '몰타']","['액션', '모험', '공포', 'SF', '스릴러']","의문의 항공기 습격, 국가별 입국 전면 통제, 국경선을 둘러싼 높은 벽, 세계 곳곳에서 원인을 알 수 없는 이변이 일어나기 시작한다. 그리고 정체불명 존재들의 무차별적 공격으로 도시는 순식간에 아수라장으로 변한다.

인류의 대재난에 맞설 최후의 적임자, 제리. 군인 출신으로 전시 경험이 풍부하고 위기 대처 능력이 뛰어난 UN 소속 조사관 제리는 위험한 상황에서 가까스로 가족들과 탈출하는데 성공하고 이제껏 본적 없는 인류 최대의 위기 앞에 대재난에 맞설 최후의 적임자로 지목되는데..."
tEK2B2l,태양의 후예,2016,8.181771969622964,['한국'],"['액션', '로맨스', '드라마', 'TV드라마']",아름다운 남국의 풍광을 배경으로 펼쳐지는 힐링 로맨스로 기적이 아닌 사랑을 믿어 그 사랑으로 기적을 이루어내는 우리 마음 속 영웅들의 이야기를 그린다. UN의 요청으로 우르크의 수도에 주둔한 UN평화유지군 소속 부대 특전경비팀 대위 유시진과 의사 강모연이 한국과 파병 지역을 오가며 사랑을 나누는 내용.
tlGNBv7,스파이 패밀리,2022,8.400303132367801,['일본'],"['애니메이션', '액션', '코미디', '드라마', '로맨틱 코미디']","스파이 남자, 킬러 여자, 마음을 읽는 초능력자 소녀가 위장 가족이 되어 펼치는 홈 코미디 애니메이션"
mdRLLbb,더 랍스터,2015,7.430439136900246,"['아일랜드', '영국', '그리스', '프랑스', '네덜란드', '미국']","['코미디', '드라마', '로맨스', 'SF', '스릴러']","전대미문의 커플 메이킹 호텔! 이곳에선 사랑에 빠지지 않은 자, 모두 유죄! 유예기간 45일 안에 짝을 찾지 못하면 동물이 되어야 한다!

가까운 미래, 모든 사람들은 서로에게 완벽한 짝을 찾아야만 한다. 홀로 남겨진 이들은 45일간 커플 메이킹 호텔에 머무르며, 커플이 되기 위한 교육을 받는다. 그럼에도 불구하고 짝을 얻지 못한 사람은 동물로 변해 영원히 숲 속에 버려지게 된다.

근시란 이유로 아내에게 버림받고 호텔로 오게 된 데이비드(콜린 파렐)는 새로운 짝을 찾기 위해 노력하지만 결국 참지 못하고 숲으로 도망친다. 숲에는 커플이 되길 거부하고 혼자만의 삶을 선택한 사람들이 모여 살고 있다. 솔로 생활을 유지하기 위한 그들의 절대규칙은 바로 절대 사랑에 빠지지 말 것! 아이러니하게도 데이비드는 사랑이 허락되지 않는 그곳에서 자신과 같이 근시를 가진 완벽한 짝(레이첼 와이즈)을 만나고 마는데..!"
m5eJwn9,유전,2018,7.119255877270136,['미국'],"['드라마', '공포', '미스터리', '스릴러']","가족이기에 피할 수 없는 운명이 그들을 덮쳤다. ‘애니’는 일주일 전 돌아가신 엄마의 유령이 집에 나타나는 것을 느낀다. 애니가 엄마와 닮았다며 접근한 수상한 이웃 ‘조안’을 통해 엄마의 비밀을 발견하고, 자신이 엄마와 똑같은 일을 저질렀음을 알게 된다. 그리고 마침내 애니의 엄마로부터 시작돼 아들 ‘피터’와 딸 ’찰리’에게까지 이어진 저주의 실체가 정체를 드러내는데…"
mdEwqpW,아키라,1988,7.723534928750794,['일본'],"['애니메이션', 'SF', '액션']","198X년 도쿄는 신형 폭탄에 의해 붕괴되고, 제3차 세계대전으로 발전하여, 세계는 황폐화되어 가고 있었다. 2019년. 인공 도시 네오동경의 어둠에 버려진 고속도로를 질주하던 폭주족 맴버인 데쓰오는 연구기관에서 탈출한 초능력 소년 다카시와 접촉 사고를 일으켜 중상을 입는다. 데쓰오는 다카시와 함께 연구 기관에 끌려가게 되고 거기서 초능력에 눈을 뜨기 시작한다."
mW4YZko,미드웨이,2019,7.666401155898044,"['미국', '캐나다']","['액션', '모험', '드라마', '역사', '전쟁']","진주만은 서막에 불과했다.
이번에는 반드시 끝내야 한다.

1941년 진주만 공습 이후, 전 세계를 향한 일본의 야욕이 거세지고, 역사상 최대 규모의 미국 본토 공격을 계획한다. 미군은 진주만 다음 일본의 공격 목표가 어디인지 암호를 해독하기 위해 애쓰고, 동시에 긴박하게 전열을 정비해 나간다. 가까스로 두 번째 타겟이 ‘미드웨이’라는 것을 알아낸 미국은 전투를 준비하지만, 수적으로 열세한 상황이다.

전 세계의 역사를 바꾼 위대한 전투,
그 이야기가 지금부터 시작된다!"
mNdKged,중경삼림 리마스터링,1994,8.056306859178921,['홍콩'],"['범죄', '드라마', '미스터리', '로맨스', '코미디']","1994년 홍콩,

“내 사랑의 유통기한은 만 년으로 하고 싶다”
만우절의 이별 통보가 거짓말이길 바라며 술집을 찾은 경찰 223. 고단한 하루를 보내고 술집에 들어온 금발머리의 마약밀매상.

""그녀가 떠난 후 이 방의 모든 것들이 슬퍼한다""
여자친구가 남긴 이별 편지를 외면하고 있는 경찰 663. 편지 속에 담긴 그의 아파트 열쇠를 손에 쥔 단골집 점원 페이.

네 사람이 만들어낸 두 개의 로맨스
새로운 사랑을 만나는 방법에 대한 독특한 상상력"
mWyzmNO,그녀,2013,7.871975992329347,['미국'],"['드라마', '로맨스', 'SF']","다른 사람의 편지를 써주는 대필 작가로 일하고 있는 ‘테오도르’는 타인의 마음을 전해주는 일을 하고 있지만 정작 자신은 아내와 별거 중인 채 외롭고 공허한 삶을 살아가고 있다.

어느 날, 스스로 생각하고 느끼는 인공지능 운영체제 ‘사만다’를 만나게 되고, 자신의 말에 귀를 기울이며 이해해주는 ‘사만다’로 인해 조금씩 상처를 회복하고 행복을 되찾기 시작한 ‘테오도르’는 어느새 점점 그녀에게 사랑의 감정을 느끼게 되는데..."
tR72Ljk,브러쉬 업 라이프,2023,9.069015775034291,['일본'],"['드라마', '코미디', '판타지', 'TV드라마']",어느 날 갑자기 기억을 가진 채 다시 태어나 인생을 처음부터 다시 시작하게 된 주인공의 이야기를 그린 휴먼 코미디 드라마
tE1KpWP,헌터X헌터 Part 1,2011,8.577986928940094,['일본'],"['애니메이션', '액션', '판타지', '모험']","곤프릭스는 보물섬에 사는 어린 소년이다. 곤은 아버지가 죽었다고 알려준 ‘헌터’ 카이트로부터 가르침을 받았지만, 아버지가 어디에선가 생존하여 최고의 헌터로 목숨을 걸고 미지의 아이템, 숨겨진 보물이나 진본을 찾아 다니고 있다고 생각한다. 곤은 전문 헌터가 되기로 결심하고 섬을 떠난다. 헌터가 되기 위해서는 반드시 헌터시험을 통과해야 되는데, 그 와중에 다른 세 명의 지원자 크라피카, 레오리오, 키르아와 친구가 된다. 곤은 이 어려운 관문을 넘어서 세계 최고의 헌터가 될 수 있을까? 그리고 아버지를 만날 수 있을까?"
mObGGj7,베테랑,2014,8.026258924031751,['한국'],"['액션', '드라마', '범죄']","한 번 꽂힌 것은 무조건 끝을 보는 행동파 ‘서도철’(황정민), 20년 경력의 승부사 ‘오팀장’(오달수), 위장 전문 홍일점 ‘미스봉’(장윤주), 육체파 ‘왕형사’(오대환), 막내 ‘윤형사’(김시후)까지 겁 없고, 못 잡는 것 없고, 봐 주는 것 없는 특수 강력사건 담당 광역수사대.  오랫동안 쫓던 대형 범죄를 해결한 후 숨을 돌리려는 찰나, 서도철은 재벌 3세 ‘조태오’(유아인)를 만나게 된다. 세상 무서울 것 없는 안하무인의 조태오와 언제나 그의 곁을 지키는 오른팔 ‘최상무’(유해진). 서도철은 의문의 사건을 쫓던 중 그들이 사건의 배후에 있음을 직감한다. 건들면 다친다는 충고에도 불구하고 포기하지 않는 서도철의 집념에 판은 걷잡을 수 없이 커져가고 조태오는 이를 비웃기라도 하듯 유유히 포위망을 빠져 나가는데…"
mdjal9O,박쥐,2009,6.732849639815456,['한국'],"['로맨스', '스릴러']","정체불명의 피를 수혈 받고 뱀파이어가 된 신부 상현(송강호). 피를 원하는 욕구와 신앙심 사이에서 갈등하던 그는 우연히 어린 시절 친구 강우(신하균)와 그의 아내 태주(김옥빈)를 만나면서 인간적 욕망에까지 눈뜨게 된다.

상현은 태주의 묘한 매력에 빠져 쾌락을 갈구하고 태주는 히스테리컬한 시어머니와 무능력한 남편에게 억눌렸던 욕망을 깨워준 상현에게 집착한다. 점점 더 대담해져만 가던 둘의 사랑은 급기야 상현이 뱀파이어라는 사실을 알게 된 태주가 자신의 남편을 죽이자고 제안하고, 상현이 제안을 받아들이면서 새로운 국면에 접어드는데..."
mOAwoP5,미션 임파서블 : 고스트 프로토콜,2011,7.806372321863906,['미국'],"['액션', '모험', '스릴러']","러시아 크렘린 궁 폭발 테러 사건에 연루되어 위기를 맞게 된 IMF(Impossible Mission Force). 국가적 분쟁을 피하기 위해 정부는 IMF 조직에 대해 ‘고스트 프로토콜’을 발동하고, 조직의 과거도 정체도 모두 지워버린다. 순식간에 국제 테러리스트가 되어 버린 특수비밀요원 ‘이단 헌트’(톰 크루즈)는 자신과 조직의 명예를 되찾기 위해 지상 최대의 불가능한 미션을 다시 시작한다!"
mOoJKyW,미션 임파서블: 로그네이션,2015,7.611948914793846,"['미국', '중국', '홍콩', '오스트리아', '영국', '모로코']","['액션', '모험', '스릴러']",에단 헌트와 IMF 팀원들이 그들을 파괴하려는 고도의 훈련을 받은 국제적인 테러 조직 로그네이션에 맞서 역대 가장 불가능한 미션을 수행한다.
mJO1n8d,마이너리티 리포트,2002,7.957953036565837,['미국'],"['액션', '범죄', '미스터리', 'SF', '스릴러']","2054년 워싱턴, 범죄를 예측하는 치안 시스템 프리크라임은 시민들의 안전을 지켜주는 든든한 존재. 프리크라임은 범죄가 일어날 시간과 장소, 범행을 저지를 사람까지 예측해내고, 이를 바탕으로 특수경찰이 미래의 범죄자들을 체포한다. 프리크라임 팀장인 존 앤더튼(톰 크루즈)은 천부적인 감각으로 미래의 범죄자를 추적해내는 능력을 인정받고 있다. 하지만 프리크라임 시스템은 믿을 수 없는 살인을 예견한다. 그것은 바로 앤더튼 자신이 누군가를 살해하는 범행 장면. 프리크라임의 모든 시스템이 앤더튼을 추격하는 가운데 앤더튼은 음모를 파헤치고 미래를 바꾸기 위해 직접 미래의 피살자를 찾아나선다."
mLOPKgW,트루먼 쇼,1998,8.51843903288854,['미국'],"['코미디', '드라마']","트루먼 버뱅크는 작고 조용한 섬마을에 사는 평범한 세일즈맨이다. 그런 그가 자신의 삶에 대해 의문을 갖기 시작한 것은 평소와 다름없이 평범한 어느 날, 갑자기 하늘에서 촬영용 조명등이 떨어지고, 어렸을 적 자신이 익사를 직접 목격했던 아버지가 살아오고, 또 누군가에 의해 끌려가는 등 상식 밖의 일들이 벌어지고 나서부터였다. 평생을 그다지 신경쓰지 않고 지냈던 일상이었지만 주변을 보니 이상한 일이 너무 많았다. 결국 자신이 특별한 상황에 놓여있다는 확신을 하게된 트루먼은 첫사랑 실비아의 모든 것이 다 거짓라는 말을 되새기며 일상으로부터 탈출을 결심하게 되는데..."
mqW9aeW,빅 피쉬,2003,7.792231921908124,['미국'],"['모험', '판타지', '드라마']","“때로는 초라한 진실보다 환상적인 거짓이 더 나을 수도 있단다. 더구나 그것이 사랑에 의한 것이라면!”

운명을 보는 마녀, 집채만 한 거인, 시간이 멈춘 유령마을까지… 믿을 수 없는 모험으로 가득한 에드워드 블룸의 이야기. 당신도 믿나요?

아버지가 위독하다는 소식에 고향을 찾은 윌. 죽음을 목전에 두고도 다 큰 아들에게 허풍 가득한 무용담을 늘어놓는 아버지. 그의 레퍼토리는 언제나 기상천외한 모험과 단 하나의 로맨스로 이어진다. 이제, 믿기 힘든 이야기 속에 가려진 아버지의 진짜 모습을 마주하는데…"
tRN1ZdE,수수하지만 굉장해! 교열걸 코노 에츠코 시즌 1,2016,8.112287034940257,['일본'],"['드라마', 'TV드라마']",패션 잡지의 편집자가 되는 것을 꿈꿔오지만 출판사의 교열부에 배속된 코노 에츠코가 화려한 패션을 선보아며 다양한 문제들을 만나 성장해 나가는 이야기를 그린 드라마
m5mGVzO,타짜 - 신의 손,2014,6.544621779367677,['한국'],['드라마'],"어린 시절부터 삼촌 ‘고니’를 닮아 도박에 타고난 소질을 보이던 ‘대길’은 고향을 떠나 서울 강남의 하우스에서 심부름꾼으로 일하며 호시탐탐 판에 끼어들 기회를 노린다. 충청도에서 원정 온 호구들을 상대로 화려하게 데뷔한 ‘대길’은 하우스의 판돈을 몽땅 끌어 모으며 타짜로서 나날이 승승장구하던 도중, 가장 친했던 고향 친구의 배신으로 모든 것을 잃게 된다. 강남 하우스를 떠나 전국을 떠돌던 ‘대길’은 ‘고니’의 옛 파트너 ‘고광렬’을 만나게 되고, 다시금 재기를 노리는데..."
m1WwY4d,시네마 천국,1988,8.55551154069614,"['이탈리아', '프랑스']",['드라마'],"어린 시절 영화가 세상의 전부였던 소년 토토는 학교 수업을 마치면 마을 광장에 있는 낡은 시네마 천국이라는 극장으로 달려가 영사 기사 알프레도와 친구로 지내며 어깨너머로 영사기술을 배운다. 어느 날 관객들을 위해 광장에서 야외 상영을 해주던 알프레도가 그만 화재 사고로 실명하게 되고, 토토가 그의 뒤를 이어 시네마 천국의 영상기사로 일하게 된다. 실명한 후에도 토토의 친구이자 아버지로 든든한 정신적 지주가 되어준 알프레도는 청년이 된 토토가 사랑하는 여자 엘레나의 부모님의 반대로 좌절하자 넓은 세상으로 나가서 더 많은 것을 배우라며 권유하는데..."
mW9p9DZ,연애 빠진 로맨스,2021,6.909854809828921,['한국'],"['로맨스', '코미디']","일도 연애도 마음대로 되지 않는 스물아홉 `자영`(전종서). 전 남친과의 격한 이별 후 호기롭게 연애 은퇴를 선언했지만 참을 수 없는 외로움에 못 이겨 최후의 보루인 데이팅 어플로 상대를 검색한다. 

일도 연애도 호구 잡히기 일쑤인 서른셋 `우리`(손석구). 뒤통수 제대로 맞은 연애의 아픔도 잠시 편집장으로부터 19금 칼럼을 떠맡게 되고 데이팅 어플에 반강제로 가입하게 된다. 

그렇게 설 명절 아침! 이름, 이유, 마음 다 감추고 만난 `자영`과 `우리`. 1도 기대하지 않았지만, 1일 차부터 둘은 서로에게 급속도로 빠져들게 되고 연애인 듯 아닌 듯 미묘한 관계 속에 누구 하나 속마음을 쉽게 터놓지 못하는데...

이게 연애가 아니면 도대체 뭔데?
발 빼려다 푹 빠졌다!"
mdKBMrJ,겟 아웃,2017,7.61193282951474,"['미국', '일본']","['공포', '미스터리', '스릴러', '드라마']",'크리스'(다니엘 칼루야)와 그의 여자친구 '로즈'(앨리슨 윌리암스)는 주말을 맞아 로즈의 부모님 집을 방문한다. 가족들의 과한 친절이 그저 딸이 흑인 남자친구를 데려왔기 때문이라고 생각한 크리스. 하지만 머무는 시간이 길어질수록 이상한 점을 한 두가지씩 발견하는데... 그가 상상도 못한 진실이 기다리고 있었다.
mOgBjN9,카메라를 멈추면 안 돼!,2017,7.501263311065546,['일본'],"['공포', '코미디', '드라마']","음산한 기운의 창고 안, 좀비 영화를 찍는 촬영 현장. 원하는 결과물이 나오지 않자 격해진 감독과 배우들은 쉬는 시간을 갖는다. 그 순간, 어디선가 등장한 ‘진짜’ 좀비 떼들이 사람들을 하나둘씩 죽이기 시작하고 현장은 아수라장이 되는데! 이 모든 사건의 전말이 궁금한 당신, 카메라를 멈추면 안 돼!"
mjO0zL5,대부,1972,8.55241220121707,['미국'],"['범죄', '드라마']","마피아의 대부 돈 꼴레오네의 호화 저택에서 막내딸 코니의 결혼식이 열린다. 시실리에서 이민온 뒤, 정치권까지 영향력을 미치는 거물로 자리잡은 돈 꼴레오네는 갖가지 고민을 호소하는 사람들의 문제를 해결해주며 '대부'라 불리운다. 한편, 솔로소라는 인물은 꼴레오네가와 라이벌인 타탈리아 패밀리와 손잡고 새로운 마약 사업을 제안한다. 돈 꼴레오네가 마약 사업에 참여하지 않기로 하자, 돈 꼴레오네를 저격해 그는 중상을 입고 사경을 헤매게 된다. 그 뒤, 돈 꼴레오네의 아들 소니는 조직력을 총 동원해 다른 패밀리들과 피를 부르는 전쟁을 시작하는데... 가족의 사업과 상관없이 대학에 진학한 뒤 인텔리로 지내왔던 막내 아들 마이클은 아버지가 총격을 당한 뒤, 아버지를 구하기 위해 위험천만한 협상 자리에 나선다."
tEKzxg5,며느라기 2…ing,2022,8.365693130399013,['한국'],"['드라마', 'TV드라마']","혹독한 며느라기를 벗어나기 위해 첫 발을 내딛는 사린, 구영 부부에게 예상치 못한 소식이 찾아온다. 임신이라는 새로운 국면에 접어든 K-임산부 사린의 파란만장한 시월드 이야기가 시작된다."
tR5799l,퐁당퐁당 LOVE,2015,8.287483330615064,['한국'],"['드라마', '로맨스', '코미디', '판타지', '시대극', 'TV드라마']","일생이 걸린 단 하루, 인생이 다 끝나버린 것 같은 그녀에게 새롭게 다가오는 사람과 사랑! 아슬아슬 현실을 뛰어넘고 있는 현대인들에게 바치는 공감과 화이팅의 판타지 드라마"
m5nQDa3,청년경찰,2017,7.693978134338892,['한국'],['액션'],"의욕충만 경찰대생 '기준'(박서준), 이론백단 경찰대생 '희열'(강하늘). 둘도 없는 친구인 두 사람은 외출을 나왔다 우연히 납치 사건을 목격하게 된다. 목격자는 오직 두 사람 뿐. 기준과 희열은 학교에서 배운 대로 지체 없이 경찰에 신고한다. 하지만 복잡한 절차와 부족한 증거로 수사는 전혀 진행될 기미가 보이지 않는 상황. 1분 1초가 급박한 상황에서 아까운 시간만 흘러가자, 기준과 희열은 직접 발로 뛰는 수사에 나서기로 하고 예측 불가능한 상황을 마주하게 되는데…"
mY5QnJW,올드보이,2003,8.223356441393062,['한국'],"['드라마', '범죄', '미스터리', '스릴러']","오대수는 어느 날 술이 거나하게 취해 집에 돌아가는 길에 누군가에게 납치, 사설 감금방에 갇히게 된다. 중국집 군만두만을 먹으며 8평이라는 제한된 공간에서 그가 할 수 있는 일이라곤 텔레비전 보는 게 전부. 1년이 지났을 무렵, 뉴스를 통해 나오는 아내의 살해소식. 게다가 아내의 살인범으로 자신이 지목되고 있음을 알게 된 오대수는 복수와 탈출을 위해 감금방 한쪽 구석을 쇠젓가락으로 파기 시작한다. 감금 15년을 맞이하는 해, 마침내 사람 몸 하나 빠져나갈 만큼의 탈출구가 생겼을 때, 어이없게도 15년 전 납치됐던 바로 그 장소로 풀려나 있는 자신을 발견하게 된다."
mOoepm5,호빗: 스마우그의 폐허,2013,7.713475295569378,"['뉴질랜드', '미국']","['모험', '판타지']","마침내 역사상 가장 치열한 최강의 전쟁이 시작된다!

사나운 용 스마우그가 빼앗아간 동쪽의 ‘외로운 산’ 에레보르 왕국을 되찾기 위해 뜻하지 않은 여정을 떠나게 된 호빗 ‘빌보 배긴스’와 ‘간달프’, 난쟁이족 왕족의 후예 ‘소린’이 이끄는 13명의 난쟁이족. ‘레골라스’와 그의 파트너 ‘타우리엘’이 속해있는 엘프족의 합세로 더욱 강해진 원정대는 외로운 산으로 가는 길에 어둠의 숲에서 모습을 자유자재로 바꾸는 베오른과 거대한 거미떼를 만나고, 난쟁이들에게 적대적인 엘프족에게 잡혔다가 도망쳐 호수마을을 지나는 등 다양한 모험을 하게 된다.

그리고 마침내 에레보르의 외로운 산에 거의 다다랐을 때, 그들이 지금껏 만났던 그 어떤 존재보다도 위험하고 모두의 용기와 우정, 지혜의 한계를 시험에 들게 한 용 스마우그와 맞닥뜨리게 되는데…"
mWy1eyW,밀레니엄 : 여자를 증오한 남자들,2011,7.156014102032351,"['미국', '스웨덴', '노르웨이']","['범죄', '드라마', '미스터리', '스릴러']","부패 재벌을 폭로하는 기사를 쓰고 소송에 시달리던 신념 강한 기자 ‘미카엘(다니엘 크레이그)’. 곤경에 빠진 그에게 또다른 재벌 ‘헨리크’가 40년 전 사라진 손녀 ‘하리에트’의 사건을 조사해 달라며 손길을 내민다. 거부할 수 없는 거래에 응한 미카엘은 방대한 조사에 착수하기 위해 조수를 요청하고, 용 문신을 한 범상치 않은 외모의 천재 해커 ‘리스베트(루니 마라)’를 만나게 된다. 미카엘의 본능적인 집요함과 리스베트의 천재적인 해킹 능력으로 미궁에 빠졌던 단서의 퍼즐 조각을 하나씩 맞춰나가는 두 사람. 하지만 진실에 가까워질수록 예상치 못했던 곳에서 역사상 가장 잔혹한 악의 실체가 드러나게 되는데…"
tlAngGW,터무니없는 스킬로 이세계 방랑 밥,2023,8.56232105363619,['일본'],"['애니메이션', '판타지', '모험']","어느 날 갑자기 이세계로 소환된 평범한 샐러리맨 무코다는 인터넷 슈퍼라는 볼품없어 보이는 고유 스킬을 얻는다. 낙담도 잠시, 이 스킬로 가져올 수 있는 현대의 식품은 이세계에서 터무니없는 효과를 발휘한다."
mWpmYgO,뉴 문,2009,6.741214723037351,['미국'],"['모험', '드라마', '판타지', '로맨스']","전세계를 강타한 ‘트와일라잇’ 두 번째 신화!
흥분하라! 더 강해진 그들이 돌아온다!

초능력을 가진 뱀파이어 에드워드는 인간 벨라가 자신 때문에 위험해지자 냉정하게 그녀를 떠난다. 이제 벨라를 지키는 것은 오랜 친구 제이콥. 하지만 제이콥은 뱀파이어와 적을 이루는 늑대인간 ‘퀼렛족’의 일원으로 벨라와 에드워드를 떼어놓고자 한다. 그러던 어느 날 벨라는 자신이 위험한 사고를 당할 때마다 에드워드의 환영이 보인다는 것을 알고 급기야 절벽에서 떨어지는 무모한 행동을 한다. 그리고 이 사건은 누구도 예상치 못할 결과를 초래하는데… 

인간과 뱀파이어의 위험한 사랑!
어둠을 지배하는 절대 세력의 탄생!"
m5DGE4B,검사외전,2015,7.424432426602571,['한국'],"['드라마', '액션', '코미디', '범죄']","진실 앞에 무대뽀, 다혈질 검사, 
살인 누명을 쓰고 감옥에 갇히다. 

거친 수사 방식으로 유명한 다혈질 검사 ‘변재욱’(황정민). 취조 중이던 피의자가 변사체로 발견 되면서 살인 혐의로 체포된다. 꼼짝없이 살인 누명을 쓰게 된 '변재욱'은 결국 15년 형을 받고 수감 된다. 

진실 따위 나 몰라라 
허세남발 꽃미남 사기꾼 
반격 작전에 선수로 기용되다. 

감옥에서 복수의 칼을 갈던 재욱. 5년 후, 자신이 누명을 쓰게 된 사건에 대해 알고 있는 허세남발 꽃미남 사기꾼 ‘치원’(강동원)을 우연히 만나게 되고, 그 순간 감옥 밖 작전을 대행해 줄 선수임을 직감한다. 검사 노하우를 총 동원, 치원을 무혐의로 내보내고 반격을 준비하는 재욱. 하지만 자유를 얻은 치원은 재욱에게서 벗어날 기회만 호시탐탐 노리는데…"
my5YK3O,화양연화 리마스터링,2000,8.097090347897277,"['홍콩', '중국']","['드라마', '로맨스']","화양연화花樣年華
가장 아름답고 찬란했던 시절

같은 날 같은 아파트로 이사 온 ‘첸 부인’과 ‘차우’. 이사 첫날부터 자주 마주치던 두 사람은 ‘차우’의 넥타이와 ‘첸 부인’의 가방이 각자 배우자의 것과 똑같음을 깨닫고 그들의 관계를 눈치챈다. 그 관계의 시작이 궁금해진 두 사람은 비밀스러운 만남을 이어가고 감정이 깊어지지 않기 위해 노력하지만, 서로에게 점점 빠져들기 시작한다.

""많은 일이 나도 모르게 시작되죠"""
m5rQwBD,곤지암,2017,6.055979726648513,['한국'],"['공포', '스릴러', '미스터리']","1979년 환자 42명의 집단 자살과 병원장의 실종 이후, 섬뜩한 괴담으로 둘러싸인 곤지암 정신병원으로 공포체험을 떠난 7명의 멤버들. 원장실, 집단 치료실, 실험실, 열리지 않는 402호. 괴담의 실체를 담아내기 위해 병원 내부를 촬영하기 시작하던 멤버들에게 상상도 못한 기이하고 공포스러운 일들이 실제로 벌어지기 시작 하는데… 가지 말라는 곳에는 반드시 이유가 있다. 소름 끼치는 ‘곤지암 정신병원’ 의 실체를 체험하라."
mOo0DqZ,남한산성,2017,7.309368777485545,['한국'],"['드라마', '시대극', '전쟁', '액션', '역사']","1636년 인조 14년 병자호란. 청의 대군이 공격해오자 임금과 조정은 적을 피해 남한산성으로 숨어든다. 추위와 굶주림, 절대적인 군사적 열세 속 청군에 완전히 포위된 상황, 대신들의 의견 또한 첨예하게 맞선다. 순간의 치욕을 견디고 나라와 백성을 지켜야 한다는 이조판서 ‘최명길’(이병헌)과 청의 치욕스런 공격에 끝까지 맞서 싸워 대의를 지켜야 한다는 예조판서 ‘김상헌’(김윤석). 그 사이에서 ‘인조’(박해일)의 번민은 깊어지고, 청의 무리한 요구와 압박은 더욱 거세지는데... 나아갈 곳도 물러설 곳도 없는 고립무원의 남한산성. 나라의 운명이 그곳에 갇혔다."
mWwBw83,그것만이 내 세상,2017,7.534603919562967,['한국'],"['드라마', '코미디', '가족']","한때는 WBC 웰터급 동양 챔피언이었지만 지금은 오갈 데 없어진 한물간 전직 복서 ‘조하’(이병헌). 우연히 17년 만에 헤어진 엄마 ‘인숙’(윤여정)과 재회하고, 숙식을 해결하기 위해 따라간 집에서 듣지도 보지도 못했던 뜻밖의 동생 ‘진태’(박정민)와 마주한다.

난생처음 봤는데… 동생이라고 ?!

라면 끓이기, 게임도 최고로 잘하지만 무엇보다 피아노에 천재적 재능을 지닌 서번트증후군 진태. 조하는 입만 열면 “네~” 타령인 심상치 않은 동생을 보자 한숨부터 나온다. 하지만 캐나다로 가기 위한 경비를 마련하기 전까지만 꾹 참기로 결심한 조하는 결코 만만치 않은 불편한 동거생활을 하기 시작하는데…

살아온 곳도, 잘하는 일도, 좋아하는 것도 다른
두 형제가 만났다!"
tRp4vN6,스킵과 로퍼,2023,8.87375873482898,['일본'],"['애니메이션', '로맨스']","고등학교 1학년 봄, 미츠미는 진학을 위해 시골에서 도쿄로 이사를 온다. 미츠미는 남들에게 속내를 잘 털어놓지 않는 동급생 시마와 다양한 친구들을 사귀며 점차 도쿄와 고등학교 생활에 적응하고 성장한다."
mdErj22,엑시트,2019,7.979415181241834,['한국'],"['코미디', '액션', '재난', '가족']","짠내 폭발 청년백수, 
전대미문의 진짜 재난을 만나다

대학교 산악 동아리 에이스 출신이지만 졸업 후 몇 년째 취업 실패로 눈칫밥만 먹는 용남은 온 가족이 참석한 어머니의 칠순 잔치에서 연회장 직원으로 취업한 동아리 후배 의주를 만난다. 어색한 재회도 잠시, 칠순 잔치가 무르익던 중 의문의 연기가 빌딩에서 피어 오르 피할 새도 없이 순식간에 서울 도심은 유독가스로 뒤덮여 일대혼란에 휩싸이게 된다. 용남과 의주는 산악 동아리 시절 쌓아 뒀던 모든 체력과 스킬을 동원해 탈출을 향한 기지를 발휘하기 시작하는데…"
moW4XlW,쉰들러 리스트,1993,8.394381874419185,['미국'],"['전기', '드라마', '역사', '전쟁']","시대와 맞선 위대한 용기
그곳에 사람이 있었다

1939년, 독일에게 점령당한 폴란드의 한 도시. 독일인 사업가이자 냉정한 기회주의자인 오스카 쉰들러는 유태인이 경영하는 그릇 공장 인수를 위해 수단과 방법을 아끼지 않는다. 인건비 없이 수백명의 유태인을 고용한 오스카 쉰들러는 우연히 유태인 회계사인 스턴과 가까워지고, 나치에 의해 참혹하게 학살되는 유태인들의 참혹한 실상을 마주하게 된다. 서서히 그의 양심이 흔들리기 시작하고, 마침내 강제 노동 수용소로부터 유태인들을 구하기로 결심한다. 그렇게 그는 자신이 구해낼 유태인 명단이 적힌 쉰들러 리스트를 만드는데…"
mO2MKGW,터미널,2004,7.909847183029788,['미국'],"['코미디', '드라마', '로맨스']","뉴욕에 오신 걸 환영합니다!
일단은 입구까지만...!

동유럽의 작은 나라인 '크로코지아'의 평범한 남자 나보르스키(톰 행크스)는 뉴욕 입성의 부푼 마음을 안고 JFK 공항에 도착한다. 그러나 입국 심사대를 빠져 나가기도 전에 들려온 청천벽력같은 소식! 바로 그가 미국으로 날아오는 동안 고국에선 쿠데타가 일어나고, 일시적으로 '유령 국가'가 되었다는 것. 고국으로 돌아갈 수도, 뉴욕에 들어갈 수도 없게 된 빅터. 아무리 둘러봐도 그가 잠시(?) 머물 곳은 JFK 공항 밖에 없다.

공항에서만 9개월 째!
이 남자, 여행 한 번 특별합니다!

하지만 공항 관리국의 프랭크에게 공항에 여장을 푼 빅터는 미관(?)을 해치는 골칫거리일 뿐. 지능적인 방법으로 밀어내기를 시도하는 프랭크에 굴하지 않고 바보스러울 만큼 순박한 행동으로 뻑치기를 거듭하는 빅터. 이제 친구도 생기고 아름다운 승무원 아멜리아(캐서린 제타 존스)와 로맨스까지 키워나간다. 날이 갈수록 JFK 공항은 그의 커다란 저택처럼 편안하기까지 한데...

그러나 빅터는 떠나야 한다. 공항에선 모두들 그러하듯이. 과연 그는 떠날 수 있을까?"
mOgmjY5,관상,2013,7.370677339645059,['한국'],"['드라마', '시대극', '역사']","얼굴을 보면 그 사람의 모든 것을 꿰뚫어보는 천재 관상가 내경. 처남 ‘팽헌’, 아들 ‘진형’과 산속에 칩거하고 있던 그는 관상 보는 기생 ‘연홍’의 제안으로 한양으로 향하고, 연홍의 기방에서 사람들의 관상을 봐주는 일을 하게 된다. 용한 관상쟁이로 한양 바닥에 소문이 돌던 무렵, ‘내경’은 ‘김종서’로부터 사헌부를 도와 인재를 등용하라는 명을 받아 궁으로 들어가게 되고, ‘수양대군’이 역모를 꾀하고 있음을 알게 된 그는 위태로운 조선의 운명을 바꾸려 하는데..."
tl9gDDb,호심,2023,8.28159645232816,['중국'],"['판타지', '드라마', 'TV드라마']","천요는 사랑하는 여인 소영에게 배신을 당하자 자신의 호심린을 뺏기지 않기 위해 하늘로 던져버린다. 같은 날, 태어날 때부터 심장이 약해 부모에게 버림받은 안회에게 호심린이 떨어진다. 어렵게 살아가던 안회는 한 선인의 제자가 되고, 시간이 흘러 안회는 자신 안에 봉인된 힘을 깨운다. 그 힘은 잠들어있던 천요에게 닿게 되고 천요는 호심린을 되찾기 위해 안회에게 접근하는데…"
mM5r8jO,더 문,2009,7.41756557979897,"['영국', '미국']","['드라마', '미스터리', 'SF']","근무기간 3년.
미래의 달 기지에서 또 다른 나와 만나다!

가까운 미래. 달표면의 자원채굴 기지에 홀로 3년간 근무중인 주인공 샘 벨(샘 락웰). 그는 통신위성 고장으로 3년간 외부와 단절되어 자신을 돕는 컴퓨터 거티(케빈 스페이시)와 대화하며 외롭게 일하고 있다. 긴 3년의 근무를 끝내고 2주 후 귀환해 사랑하는 가족을 만날 희망에 부푼 샘.

그러나 샘은 어느 날 기지 안에서 신비로운 한 여인을 환영처럼 보는가 하면, 기지 밖에서도 미스터리한 존재를 보게 되면서 달 기지에 무언가 비밀이 있음을 알게 된다. 환영인지 실체인지 알 수 없는 존재를 조사하던 샘은 중 곧 충격적인 사실을 알게되는데…"
mdEw9nb,위플래쉬,2014,8.111353872762342,['미국'],"['드라마', '음악']","""박자가 안 맞잖아, 다시!"" 

뉴욕의 명문 셰이퍼 음악학교에서 최고의 스튜디오 밴드에 들어가게 된 신입생 앤드류. 최고의 지휘자이지만 동시에 최악의 폭군인 플레쳐교수는 폭언과 학대로 앤드류를 한계까지 몰아붙이고 또 몰아붙인다. 드럼 위로 뚝뚝 떨어지는 피, 빠르게 달리는 선율 뒤로 아득해지는 의식, 그 순간, 드럼에 대한 앤드류의 집착과 광기가 폭발한다. 

최고의 연주를 위한 완벽한 스윙이 시작된다!"
m5ZXYKL,그레이의 50가지 그림자,2015,6.005543092260797,['미국'],"['드라마', '로맨스', '스릴러']","순수한 사회 초년생인 여대생 ‘아나스타샤’는 어느 날, 아픈 친구를 대신해 모든 것을 다 가진 매력적인 CEO ‘크리스찬 그레이’의 인터뷰를 맡게 된다. 단숨에 사람을 매료시키는 크리스찬 그레이의 마력에 아나스타샤는 순식간에 빠져들고, 그 역시 순수한 아나스타샤를 점점 더 알고 싶어지게 된다. 한편, 원하는 것을 모두 들어줄 만큼 완벽한 그레이의 숨겨진 비밀을 알게 된 아나스타샤는 거부할 수 없는 본능에 눈을 뜨게 되는데…"
mdjawmz,서치,2018,7.7582122618622575,"['미국', '러시아']","['드라마', '미스터리', '스릴러']","목요일 11:30 PM 딸의 부재중 전화 3통
그리고 딸이 사라지다

목요일 저녁, 딸 마고에게 걸려온 부재중 전화 3통. 아빠 데이빗은 그 후 연락이 닿지 않는 딸이 실종됐음을 알게된다. 경찰의 조사는 본격적으로 시작되지만 결정적인 단서들이 나오지 않는 가운데, 실종된 날 밤 마고가 향하던 곳이 밝혀지며 새로운 사실들이 발견된다. 사건의 실마리를 찾은 곳은 다름 아닌 딸마고의 노트북. 구글, 유튜브, 페이스북등 SNS에서 상상조차하지 못한 딸의 진실이 펼쳐지는데…

현실에서는 찾을 수 없는 딸의 흔적을 검색하다!"
m5rgjEW,오블리비언,2013,6.925566938902552,['미국'],"['액션', '모험', 'SF']","외계인의 침공이 있었던 지구 최후의 날 이후, 모두가 떠나버린 지구의 마지막 정찰병 '잭 하퍼'(톰 크루즈)는 임무를 수행하던 중 정체불명의 우주선을 발견한다. 자신을 이미 알고 있는 한 여자(올가 쿠릴렌코)를 만나 기억나지 않는 과거 속에 어떤 음모가 있었음을 알게 된 잭. 그는 적인지 동료인지 알 수 없는 지하조직의 리더(모건 프리먼)를 통해 자신을 둘러싼 모든 것에 의심을 품기 시작하는데..."
m5eJ1wR,아이 캔 스피크,2017,7.888546770568948,['한국'],['드라마'],"온 동네를 휘저으며 무려 8천 건에 달하는 민원을 넣어 도깨비 할매라고 불리는 ‘옥분’. 20여 년간 누구도 막을 수 없었던 그녀 앞에 원칙주의 9급 공무원 ‘민재’가 나타나면서 팽팽한 긴장감이 흐른다. 민원 접수만큼이나 열심히 공부하던 영어가 좀처럼 늘지 않아 의기소침한 옥분은 원어민 수준의 영어를 구사하는 민재를 본 후 선생님이 되어 달라며 시간과 장소를 불문하고 부탁하기에 이른다. 둘만의 특별한 거래를 통해 결코 어울리지 않을 것 같았던 두 사람의 영어 수업이 시작되고, 함께하는 시간이 계속 될수록 서로를 이해하고 소통하게 되면서 친구이자 가족이 되어 간다. 옥분이 영어 공부에 매달리는 이유가 내내 궁금하던 민재는 어느 날, 그녀가 영어로 꼭 하고 싶은 말이 있다는 것을 알게 되는데…"
tPVd37N,수업중입니다 2,2023,8.1625,['한국'],"['드라마', '로맨스', 'BL', 'TV드라마']","속절없이 사랑에 빠져드는 가을학기의 절친 3인방. 고딩 때 자기를 설레게 한 과외형을 이번엔 자신이 설레게 하겠다고 설치고, 오랜 짝사랑을 끝내보자 위장 연애를 하는데 제대로 먹히고, 사회성, 외모 원탑 조교에게 첫눈에 빠져버린... 각자의 당혹과 착각, 오해와 화해 끝에 연애를 하는 달달 쌉싸름한 학원 로맨스 '수업중입니다 2'"
mVWzB0W,오페라의 유령,2004,7.621453871179064,"['영국', '미국']","['로맨스', '뮤지컬', '음악', '드라마']","1860년 파리 오페라 하우스. 새로운 극단주 앙드레와 피르맹, 그리고 후원자인 라울 백작은 '한니발' 리허설을 감상하는 가운데 갑자기 무대장치가 무너지는 사고가 발생한다. 사람들은 오페라의 유령이 한 짓이라고 수근대고, 화가 난 프리마돈나 칼롯타는 무대를 떠나버린다. 발레단장인 마담 지리의 추천으로 크리스틴이 새로운 여주인공을 맡게 되고, 공연은 대성공을 거둔다. 크리스틴은 축하객들을 뒤로하고 대기실에 혼자 남게 되는데, 거울 뒤에서 반쪽 얼굴을 하얀 가면에 가린 채 연미복 차림의 팬텀이 나타나 마치 마법이라도 걸듯이 크리스틴을 이끌고 미로같이 얽힌 지하 세계로 사라진다. 크리스틴의 실종으로 오페라 하우스는 일대 혼란에 빠지고, 팬텀은 극단주에게 자신의 요구에 응하지 않을 시 크리스틴도 돌려보내지 않고 큰 재앙을 내리겠다고 경고한다. 그러나 기회를 주겠다며 크리스틴을 돌려보낸 팬텀과 달리 극단은 그의 협상을 모두 무시하고, 오페라 하우스는 괴사건에 휘말리며 문을 닫기에 이른다. 한편, 지하세계에 끌려갔다 온 후 크리스틴은 팬텀의 공포에 날마다 시달리고 크리스틴을 위로하던 라울은 그녀와 사랑을 맹세한다. 이들의 대화를 엿들은 팬텀은 사랑과 질투에 싸여 복수를 결심하는데… 과연, 오페라 하우스와 팬텀에게는 어떤 비밀이 숨겨진 것일까?"
m5Qq28G,스파이더맨: 홈커밍,2017,8.269783627560749,['미국'],"['액션', '모험', 'SF']",‘시빌 워’ 당시 ‘토니 스타크’(로버트 다우니 주니어)에게 발탁되어 대단한 활약을 펼쳤던 스파이더맨 ‘피터 파커’(톰 홀랜드). 그에게 새로운 수트를 선물한 토니 스타크는 위험한 일은 하지 말라며 조언한다. 하지만 허세와 정의감으로 똘똘 뭉친 피터 파커는 세상을 위협하는 강력한 적 ‘벌처’(마이클 키튼)에 맞서려 하는데... 아직은 어벤져스가 될 수 없는 스파이더맨 숙제보다 세상을 구하고 싶은 스파이더맨 그는 과연 진정한 히어로로 거듭날 수 있을 것인가.
m6dRKb5,아이덴티티,2003,8.076424277858933,['미국'],"['공포', '스릴러']","폭풍우가 몰아치는 어느 밤... 네바다 주의 사막에 위치한 외딴 모텔에 10명의 사람들이 모여든다. 리무진 운전사와 그가 태우고 가던 여배우, 경찰과 그가 호송하던 살인범, 라스베이거스 매춘부와 신혼부부, 신경질적인 모텔 주인까지 포함한 총 11명. 사나운 폭풍우로 길은 사방이 막혀버리고 사람들은 어둠과 폭우가 걷히기를 기다리지만 연락이 두절된 호텔에 갇힌 이들은 하나 둘씩 살해당하기 시작한다. 죽음으로 시작된 살인의 그림자는 그들을 극도의 공포로 몰아간다. 현장에 남겨진 것이라곤 모텔 룸 넘버 10이 적힌 열쇠뿐... 연이은 죽음의 현장에는 9,8,7.. 카운트 다운을 알리는 열쇠만이 남아 끝나지 않은 살인을 예고하다. 서로가 서로를 의심하는 가운데 모두가 기억하기 싫은 비밀이 서서히 베일을 벗는데..."
m9dBPzW,해리가 샐리를 만났을 때,1989,7.774923758118644,['미국'],"['코미디', '드라마', '로맨스', '로맨틱 코미디']","""우린 친구가 될 수 없겠네요.""  

대학 졸업 후 뉴욕행을 함께 하게 된 해리와 샐리.  ‘남자와 여자는 친구가 될 수 없다’는 명제로 두 사람은 설전을 벌이고,  성격도 취향도 정반대인 서로를 별종이라 생각한다.  뉴욕에 도착한 두 사람은 짧은 인사를 나누고 곧바로 헤어진다.  

""너랑 연애 안 하길 천만다행이야.""  
몇 년 뒤, 우연히 서점에서 재회한 두 사람.  샐리는 연인과 이별했고 해리는 아내에게 이혼을 통보 받았다.  두 사람은 이별에 대해 이야기하며 급속도로 가까워지고 비로소 둘도 없는 친구가 된다.  

""조금만 더 안아줘.""  
어느 날 샐리는 헤어진 연인의 결혼 소식을 듣게 되고 뒤늦은 이별의 아픔에 슬퍼한다.  해리는 그런 그녀를 말없이 안아주고 위로의 키스는 뜻밖의 하룻밤으로 이어지는데…  

다음 날 아침,  
우린 친구일까, 연인일까?"
m5XMP4W,디센트,2005,6.596411259839018,['영국'],"['모험', '공포', '스릴러']","1년 전, 친구들과 함께 떠났던 가족여행에서 사고로 남편과 딸을 모두 잃은 사라. 아직 그 충격에서 벗어나지 못한 사라를 위해 주노를 포함한 5명의 친구들은 다시 모이고, 새로운 출발을 위한 동굴 탐험 여행을 떠난다. 주노의 길 안내에 따라 깊은 어둠 속으로 들어간 일행. 하지만 즐거움도 잠시. 사고로 동굴의 입구는 함몰되고, 설상가상으로 자신들이 고립된 이곳이 지도와는 전혀 다른 곳임을 깨닫게 된다. 완벽한 고립! 이제 그들이 할 수 있는 일은 출구를 찾아 위험 속으로 계속 들어가는 것 뿐 인데…

동굴을 조사하던 사라는 희미한 어둠 속에서 사람이 아닌 무언가의 형체를 목격하지만 일행들은 단순한 신경쇠약증세로 치부해버리고 만다. 출구를 찾아 헤맬수록 발견되는 수십 년 전 탐험가의 흔적들. 이제껏 단 한 명의 생존자도 없었다는 공포감이 엄습하던 그때, 그들은 귀를 찢는 울음소리를 내는 괴생물체의 공격을 받게 되고, 단순했던 여행은 순간 생존을 위한 몸부림으로 돌변한다. 또한 1년 전 과거에 묻혀있던 진실마저 드러나며 급기야 그들은 서로조차 믿지 못하게 되는데…"
mWv1lb5,범죄와의 전쟁 : 나쁜놈들 전성시대,2012,8.054031524238987,['한국'],"['액션', '범죄', '드라마']","1982년 부산. 해고될 위기에 처한 비리 세관원 최익현(최민식)은 순찰 중 적발한 히로뽕을 일본으로 밀수출, 마지막으로 한 탕 하기 위해 부산 최대 조직의 젊은 보스 최형배(하정우)와 손을 잡는다. 익현은 탁월한 임기응변과 특유의 친화력으로 형배의 신뢰를 얻는데 성공한다. '주먹 넘버원' 형배와 '로비의 신' 익현은 함께 힘을 합쳐 부산을 접수하기 시작하고, 두 남자 앞에 나쁜 놈들의 전성시대가 펼쳐진다. 하지만 1990년 범죄와의 전쟁이 선포되자 조직의 의리는 금이 가고 넘버원이 되고 싶은 나쁜 놈들 사이의 배신이 시작된다. 살아남기 위해 벌이는 치열한 한판 승부, 최후에 웃는 자는 과연 누가 될 것인가?"
my5Yqj5,원스 어폰 어 타임 인 아메리카,1984,8.094108633281168,"['이탈리아', '미국']","['범죄', '드라마']","1921년, 좀도둑질을 일삼던 누들스는 맥스를 비롯한 친구들과 함께 밀수품 운반 일을 하며 돈을 벌어들인다. 누들스 무리에 위협을 느낀 벅시는 누들스의 친구를 죽이고, 이에 분노한 누들스는 벅시를 살해한 후 감옥에 들어가게 된다.

1932년, 출소한 누들스는 어린 시절 첫사랑 데보라와 밀주 사업으로 크게 성공한 맥스를 다시 만나지만, 금주법 철폐로 그들의 밀주 사업도 위기를 맞는다. 맥스는 누들스에게 연방준비은행을 털 것을 제안하지만 누들스는 거절한다.

1968년, 베일리 재단 파티에 초대 받은 누들스는 재단 창립 기념 사진 속에서 데보라를 발견하고 그녀를 찾아가 자신을 초대한 베일리 장관에 대해 묻지만 그를 찾지 말라며 경고한다. 그녀의 만류에도 누들스는 마침내 의문의 베일리 장관과 마주하게 되는데..."
mOVvJrq,미 비포 유,2016,7.866578915878904,"['영국', '미국']","['드라마', '로맨스']","6년 동안이나 일하던 카페가 문을 닫는 바람에 백수가 된 루이자는 새 직장을 찾던 중 촉망 받던 젊은 사업가였던 전신마비 환자 윌의 6개월 임시 간병인이 된다. 루이자의 우스꽝스러운 옷, 썰렁한 농담들, 속마음을 그대로 드러내는 얼굴 표정이 신경 쓰이는 윌. 말만 하면 바보 취급하고 망나니처럼 구는 윌이 치사하기만 한 루이자. 그렇게 둘은 서로의 인생을 향해 차츰 걸어 들어가는데..."
tPrz9Zw,하이큐!! TO THE TOP,2020,9.259550356424786,['일본'],"['애니메이션', '코미디', '드라마', '스포츠']",전국대회 출전을 앞둔 고교 배구부의 도전을 그린 애니메이션
mdEw3GE,동급생,2016,8.570445797807551,['일본'],"['애니메이션', '드라마', '로맨스', 'BL']","고교 입시에서 전 과목 만점을 받은 인재 사죠 리히토. 밴드 활동을 하며 여자에게도 인기가 많은 쿠사카베 히카루. 도무지 접점이 없어 보이는 두 남학생은 합창 대회 연습을 계기로 친해진다. 음을 느끼고 목소리에 귀를 기울이고 화음을 만들어가며 둘의 마음은 공명하기 시작하는데... 느긋하게 고조되다 뜻밖의 순간에 터져버리는 사랑의 감정. 순수하고 솔직한 쿠사카베 히카루와 그를 밀어내면서도 조금씩 마음을 열어가는 사죠 리히토.

청춘의 풋풋함 속에서 고민하고, 망설이며 앞으로 나아가고자 하는 그들이 깨달은 마음이란..."
mOgB6YW,스크림,1996,6.873551963048499,['미국'],"['공포', '미스터리']","케이시는 남자친구와 오붓하게 공포영화나 보며 저녁을 보내려고 팝콘을 튀기다 전화를 받는다. 장난전화인 줄 알고 끊지만 전화벨은 신경질적으로 또 다시 울린다. 아무리 화를 내도 애원해도 전화벨은 끊이지 않고, 케이시는 점점 두려워진다. 비열하게 들리는 전화 목소리는 케이시에게 피투성이가 되어 묶여있는 남자친구를 보여주고 장난치듯 수수께끼를 던진다. 남자친구를 살리기 위해서, 자신의 목숨을 위해서 케이시는 울부짖으며 문제를 푼다. 그러나 케이시는 수수께끼의 덫에 걸려들고 틀린 답의 대가로 그녀와 남자친구는 무참히 살해된다.

시드니는 케이시와 그녀의 남자친구가 살해되었다는 소식을 듣고 누구보다도 마음 아파한다. 어느 날 밤, 시드니는 지금 그녀를 보고 있다는 은근한 목소리의 전화를 받는다. 그리고 전화를 끊자마자 일그러진 가면과 까만 망토를 뒤집어 쓴 괴한이 시드니를 덮친다."
mY5QaG5,미션 임파서블,1996,8.079520422498137,['미국'],"['액션', '모험', '스릴러']",동유럽 첩보원들의 비밀 명단을 훔쳐 무기상에 팔아 넘기려는 음모를 막기 위해 짐 펠프스(존 보이트)가 이끄는 CIA 최고의 팀 미션 임파서블이 투입된다. 그러나 대사관 파티에 잠입하여 동료들과 함께 작전을 수행하던 중 팀의 리더였던 이단 헌트(톰 크루즈)만이 구사일생으로 혼자 살아 남는다. 곧 이어 본부에 연락을 취한 헌트는 이번 작전이 CIA 내에 침투한 이중간첩의 체포작전이라는 것과 자신이 범인으로 지목된 것을 알고 재빨리 피신한다. 그는 자신을 함정에 빠뜨리고 동료들을 살해한 진짜 범인을 찾기 위해 나선다. 마침내 그는 컴퓨터의 접속암호를 풀어 무기 밀매상인 맥스와 연락을 취하는데...
tPDOwA1,문호 스트레이독스 5기,2023,8.922048997772828,['일본'],"['애니메이션', '액션', '코미디', '범죄', '판타지', '미스터리']",무장 탐정사는 어느 날 마인 표도르의 함정에 빠져 위기에 처한다. 인륜을 등진 흉악범을 처치하기 위해 군경 최강의 특수부대인 엽견이 쫓는다.
mdKy7RW,장고: 분노의 추적자,2012,7.860774869430937,['미국'],"['드라마', '서부극']","1850년대 미국 남부, 현상금 사냥꾼인 닥터 킹 슐츠(크리스토프 발츠)에게 도움을 준 대가로 자유를 얻게 된 흑인 노예 장고(제이미 폭스). 그는 닥터 킹 슐츠와 함께 현상금 사냥꾼 일을 시작한다. 매일 무섭게 사냥 기술을 연마하는 장고의 목표는 오직 하나, 오래 전 다른 곳의 노예로 팔려간 아내를 찾아내 구하는 것이다.

장고는 집요한 추적 끝에 아내가 악덕 농장주 칼뱅 칸디에(레오나르도 디카프리오)의 손에 있다는 정보를 얻게 되고 그의 농장으로 향한다. 그리고 그곳에서 아내의 탈출을 위해 힘겨운 싸움을 시작하게 되는데…"
mdBzxzd,12명의 성난 사람들,1957,8.54487035693079,['미국'],"['범죄', '드라마']","뉴욕시의 법정에 아버지를 칼로 찌른 한 소년의 살인 혐의를 두고, 12인의 배심원들은 만장일치 합의를 통해 소년의 유무죄 여부를 가려줄 것을 요구받는다. 판사는 유죄일 경우 이 소년은 사형이 불가피하다는 것을 이들에게 미리 일러둔다.  배심원 방에 모인 이들은 투표를 통해 유무죄 여부를 가리기로 한다. 사람들이 전부 소년이 유죄로 판단하는 가운데, 오직 배심원 8(헨리 폰다)는 소년이 무죄라고 주장하는데..."
m5m1YNG,완벽한 타인,2018,7.642064431361143,['한국'],"['코미디', '드라마']",오랜만의 커플 모임에서 한 명이 게임을 제안한다. 바로 각자의 핸드폰을 테이블 위에 올려두고 통화 내용부터 문자와 이메일까지 모두 공유하자고 한 것. 흔쾌히 게임을 시작하게 된 이들의 비밀이 핸드폰을 통해 들통나면서 처음 게임을 제안했던 것과는 전혀 다른 상상치 못한 결말로 흘러가는데…. 상상한 모든 예측이 빗나간다.
mOb4jX5,썸머워즈,2009,7.530358269648741,['일본'],"['애니메이션', 'SF', '모험']","‘OZ’의 보안 관리 아르바이트를 하고 있던 천재수학 소년 ‘겐지’는 짝사랑하던 선배 ‘나츠키’의 부탁으로 시골 여행에 동참하게 된다. ‘나츠키’의 대가족과 함께 시골 마을에서의 즐거운 추억도 잠시, ‘겐지’에게 날라온 한 통의 문자메시지는 사이버 가상 세계 ‘OZ’를 사상 최악의 위기에 빠뜨린다. ‘OZ’의 붕괴는 현실 세계의 위기로 이어지고, ‘겐지’는 이 모든 사건의 주범으로 몰리게 된다.

‘겐지’와 ‘나츠키’의 대가족은 인류의 운명을 건
일생일대의 여름 전쟁에 나선다!"
mQO8625,김씨 표류기,2009,6.953071484451193,['한국'],"['드라마', '로맨스', '코미디']","자살시도가 실패로 끝나 한강의 밤섬에 불시착한 남자. 죽는 것도 쉽지 않자 일단 섬에서 살아보기로 한다. 모래사장에 쓴 HELP가 HELLO로 바뀌고 무인도 야생의 삶도 살아볼 만하다고 느낄 무렵. 익명의 쪽지가 담긴 와인병을 발견하고 그의 삶은 알 수 없는 희망으로 설레기 시작한다. 자신의 좁고 어두운 방이 온 지구이자 세상인 여자. 홈피 관리, 하루 만보 달리기… 그녀만의 생활리듬도 있다. 유일한 취미인 달사진 찍기에 열중하던 어느 날. 저 멀리 한강의 섬에서 낯선 모습을 발견하고 그에게 리플을 달아주기로 하는 그녀. 3년 만에 자신의 방을 벗어나 무서운 속도로 그를 향해 달려가는데..."
m5QqX75,크로우즈 제로,2007,7.1097310338665,['일본'],"['스릴러', '틴에이저', '액션']","품성제로, 초특급 사고뭉치 불량 학생들이 모두 모인 악명 높은 스즈란 고등학교. 무수한 파벌과 새로운 강자들의 등장으로 정상을 차지하려는 세력 다툼은 잠시도 그치질 않고, 지금까지 스즈란 고교를 완전 평정한 1인자는 아무도 없었다. 현재 스즈란 고교의 최강 세력은 3학년 세리자와 타마오(야마다 타카유키). 막강한 싸움꾼에다 의협심도 강해 엄청난 수하를 거느린 세리자와에게도 스즈란 완전 제패는 만만하지가 않은데..."
mdjwRKw,말모이,2018,7.564131980625826,['한국'],['드라마'],"까막눈 판수, 우리말에 눈뜨다! vs 조선어학회 대표 정환, ‘우리’의 소중함에 눈뜨다

1940년대 우리말이 점점 사라져가고 있는 경성. 극장에서 해고된 후 아들 학비 때문에 가방을 훔치다 실패한 판수. 하필 면접 보러 간 조선어학회 대표가 가방 주인 정환이다. 사전 만드는데 전과자에다 까막눈이라니! 그러나 판수를 반기는 회원들에 밀려 정환은 읽고 쓰기를 떼는 조건으로 그를 받아들인다. 돈도 아닌 말을 대체 왜 모으나 싶었던 판수는 난생처음 글을 읽으며 우리말의 소중함에 눈뜨고, 정환 또한 전국의 말을 모으는 ‘말모이’에 힘을 보태는 판수를 통해 ‘우리’의 소중함에 눈뜬다. 얼마 남지 않은 시간, 바짝 조여오는 일제의 감시를 피해 ‘말모이’를 끝내야 하는데…

우리말이 금지된 시대, 말과 마음이 모여 사전이 되다"
mdMgAmm,나를 찾아줘,2014,7.865403656821378,['미국'],"['드라마', '미스터리', '스릴러']","모두가 부러워하는 삶을 살아가는 완벽한 커플 닉과 에이미. 결혼 5주년 기념일 아침, 에이미가 흔적도 없이 실종된다. 유년시절 어린이 동화시리즈 ‘어메이징 에이미’의 실제 여주인공이었던 유명인사 아내가 사라지자, 세상은 그녀의 실종사건으로 떠들썩해진다. 한편, 경찰은 에이미가 결혼기념일 선물로 숨겨뒀던 편지들을 통해 그들이 권태기를 겪는 쇼윈도 커플임을 알게 되고 드러나는 단서들은 남편 닉을 유력한 용의자로 가리킨다. 취재거리가 생긴 미디어들은 닉의 일거수일투족을 보도하면서 그를 살인용의자로 지목하는데..."
m5YKE2j,미드소마,2019,6.777203193825152,"['미국', '스웨덴', '헝가리']","['드라마', '공포', '미스터리', '스릴러']","90년에 한 번, 9일 동안 열리는 미드소마 축제에 초대된 대니와 친구들. 지지 않는 태양 아래, 불길함으로 가득한 호르가 마을에서 선택된 자만이 즐길 수 있는 공포의 축제가 시작된다."
mWwBMP3,불한당: 나쁜 놈들의 세상,2016,7.586643032597072,['한국'],"['범죄', '액션', '드라마']","범죄조직의 1인자를 노리는 '재호'(설경구)와 세상 무서운 것 없는 패기 넘치는 신참 '현수'(임시완)는 교도소에서 만나 서로에게 끌려 끈끈한 의리를 다져간다. 출소 후, 함께 권력을 차지하기 위해 의기투합하던 중, 두 사람의 감춰온 야망이 조금씩 드러나고, 서로에 대해 새로운 사실을 알게 되면서 그들의 관계는 흔들리기 시작한다."
tPJZKMp,"이쪽을 봐줘, 무카이군",2023,7.910621761658031,['일본'],"['로맨스', '코미디', '로맨틱 코미디', 'TV드라마']",연애하는 법을 잊어버린 성격 좋고 잘 생기고 직업도 좋은 주인공의 새로 시작하는 사랑 이야기를 그린 드라마
mW4Gpo5,브레이킹 던 part1,2011,7.269899768327314,['미국'],"['모험', '드라마', '판타지', '로맨스', '스릴러']","전세계가 기다려온 세기의 결혼식!
인간과 뱀파이어의 결합이 불러온 새로운 운명!

우여곡절 끝에 많은 이들의 축복 속에 뱀파이어 에드워드와 결혼식을 올린 벨라! 아직 마음을 정리하지 못한 제이콥을 뒤로하고 허니문을 떠난 벨라와 에드워드는 세상에서 가장 아름답고 특별한 첫날 밤을 보내게 된다. 행복한 시간도 잠시, 벨라는 예상치 못한 임신을 하게 된다.

한편 늑대인간 ‘퀼렛’족은 인간과 뱀파이어의 결합으로 생긴 아기가 후에 위험한 존재가 될 것이라고 판단, 임신한 벨라를 없애려 한다. 제이콥은 자신의 종족을 이탈해 뱀파이어 ‘컬렌’가와 함께 벨라를 지킨다. 그러나 벨라는 배 속에서 강력한 힘으로 빠르게 자라는 아기 때문에 목숨이 위태로운 상황에 놓이는데...!

전세계를 열광시킨 최고의 신드롬!
‘트와일라잇’ 시리즈의 신화가 다시 시작된다!"
m5DEeQW,브레이킹 던 part2,2012,7.312304010756783,['미국'],"['모험', '드라마', '판타지', '로맨스']","금기를 넘어선 불멸의 사랑!
그리고 신비한 혼혈소녀 ‘르네즈미’의 탄생!

르네즈미를 잉태하면서 죽음의 순간까지 닿았던 벨라는 그녀를 살리기 위한 에드워드의 노력으로 마침내 뱀파이어로 다시 태어나고, 제이콥이 자신의 딸 르네즈미에게 ‘각인’되었다는 사실을 알고 충격에 빠진다. 한편 르네즈미를 뱀파이어에게 위험한 ‘불멸의 아이’라고 판단한 볼투리가는 그녀를 제거하기 위해 군대를 모으기 시작한다. 신이 허락하지 않은 인간과 뱀파이어의 사랑이 불러 온 위험천만한 전운이 컬렌가를 감돌고 벨라와 르네즈미를 지키기 위해 전세계에 흩어져 있는 뱀파이어들을 모은 에드워드는 볼투리의 군대와 최후의 전쟁을 시작하는데...

전세계가 열광하는 매혹적인 판타지
대서사의 화려한 피날레가 마침내 시작된다!"
m5rwLXm,타짜: 원 아이드 잭,2019,5.629606351730949,['한국'],"['범죄', '드라마']","전설적인 타짜인 ‘짝귀’의 아들 ‘도일출’은 한쪽 눈을 실명한 정체불명의 타짜 ‘애꾸’를 만나면서 진정한 고수들의 세계에 입문하게 된다. ‘애꾸’로부터 무엇이든 될 수 있고 누구든 이길 수 있는 무적의 카드 ‘원 아이드 잭’을 받고 모인 특별한 ‘꾼’들.

이들의 인생을 건 베팅이 시작된다."
tEZAgkK,VIVANT,2023,7.257178526841448,['일본'],"['드라마', 'TV드라마']",엘리트만 입사할 수 있는 대기업에서 일하는 노기. 그는 중앙아시아 발카에 있는 거래처에 보내야 하는 금액을 잘못 송금해 회사에서 해고될 위기에 처하자 문제를 해결하기 위해 직접 발카로 떠난다.
mO8KzlX,싱 스트리트,2016,7.934226222632847,"['아일랜드', '영국']","['코미디', '드라마', '음악', '로맨스']","‘코너’는 전학을 가게 된 학교에서 모델처럼 멋진 ‘라피나’를 보고 첫 눈에 반해 사랑에 빠진다. ‘라피나’에게 잘 보이고 싶은 마음에 덜컥 밴드를 하고 있다는 거짓말을 한 ‘코너’는 급기야 뮤직비디오 출연까지 제안하고 승낙을 얻는다. 날아갈 것만 같은 기분도 잠시, ‘코너’는 어설픈 멤버들을 모아 ‘싱 스트리트’라는 밴드를 급 결성하고 ‘듀란듀란’, ‘아-하’, ‘더 클래쉬’ 등 집에 있는 음반들을 찾아가며 음악을 만들기 시작한다. 첫 노래를 시작으로 조금씩 ‘라피나’의 마음을 움직인 ‘코너’는 그녀를 위해 최고의 노래를 만들고 인생 첫 번째 콘서트를 준비하는데… 첫 눈에 반한 그녀를 위한 인생 첫 번째 노래! ‘싱 스트리트’의 가슴 설레는 사운드가 지금 시작된다!"
mO02n15,설국열차,2013,7.5215732558366915,['한국'],"['액션', 'SF', '스릴러', '모험', '드라마']","기상 이변으로 모든 것이 꽁꽁 얼어붙은 지구. 살아남은 사람들을 태운 기차 한 대가 끝없이 궤도를 달리고 있다. 춥고 배고픈 사람들이 바글대는 빈민굴 같은 꼬리칸, 그리고 선택된 사람들이 술과 마약까지 즐기며 호화로운 객실을 뒹굴고 있는 앞쪽칸. 열차 안의 세상은 결코 평등하지 않다. 기차가 달리기 시작한 17년째, 꼬리칸의 젊은 지도자 커티스는 긴 세월 준비해 온 폭동을 일으킨다. 기차의 심장인 엔진을 장악, 꼬리칸을 해방시키고 기차 전체를 해방 시키기 위해 절대권력자 윌포드가 도사리고 있는 맨 앞쪽 엔진칸을 향해 질주하는 커티스와 꼬리칸 사람들. 그들 앞에 예기치 못한 상황들이 기다리고 있는데…"
mObMNNW,인 타임,2011,7.144774564034016,['미국'],"['액션', 'SF', '스릴러']","커피 4분.. 버스요금 2시간.. 스포츠카 59년.. 
시간이 화폐인 충격적 미래!

근 미래, 모든 인간은 25세가 되면 노화를 멈추고, 잔여 시간 1년을 제공받는다. 이 시간으로 사람들은 음식을 사고, 버스를 타고, 집세를 내는 등 삶에 필요한 모든 것을 시간으로 지불한다. 하지만 가진 시간을 다 써버려 시계가 ‘0’ 이 되는 순간, 심장마비로 사망한다. 때문에 부자들은 몇 세대에 걸쳐 시간을 갖고 영생을 누릴 수 있는 반면, 가난한 자들은 하루를 겨우 버틸 수 있는 시간을 노동으로 사거나, 누군가에게 빌리거나, 그도 아니면 훔쳐야만 한다. 

돈으로 거래되는 인간의 수명!
“살고 싶다면, 시간을 훔쳐라!!”

윌 살라스(저스틴 팀버레이크)는 매일 아침 자신의 남은 시간을 보며 충분한 양의 시간을 벌지 못하면, 더는 살 수 없다는 사실을 깨달으며 눈을 뜬다. 그러던 어느 날, 수천 년을 살 수 있는 헤밀턴이란 남자를 위험에서 구해준 윌은 그에게서 소수의 영생을 위해 다수가 죽어야 하는 현 시스템의 비밀을 듣게 되지만, 그 남자가 100년의 시간을 물려주고 시체로 발견되면서 졸지에 살인자의 누명을 쓰고 쫓기게 된다. 사람들의 눈을 피해 부자들만이 모여 사는 ‘뉴 그린위치’로 잠입한 그는 끈질긴 타임 키퍼 레온(킬리언 머피)의 추적으로 체포될 위기를 맞지만, 와이스 금융사의 회장 딸인 실비아(아만다 사이프리드)를 인질로 삼아 간신히 탈출한다. 이때부터 윌은 실비아와 함께 누명을 벗고 전세계를 통제하는 시스템의 비밀을 파헤치려 하는데…"
tEg84eR,원펀맨,2015,8.42673396698551,['일본'],"['코미디', '애니메이션', '액션']",히어로 협회에 등록된 최강 히어로들의 싸움을 그린 애니메이션
tRXNpDl,나츠메 우인장 1기,2008,8.417498442257727,['일본'],['애니메이션'],"어릴 적부터 인간이 아닌 것들, 다시 말해 '요괴'를 보아온 소년 나츠메 타카시. 부모님이 사고로 돌아가신 후 친척집을 전전하며 살아온 나츠메는 그 특이한 체질 때문에 주위의 사람들로부터 경원시당해 왔다. 고등학생이 된 나츠메는 한적한 시골 마을에 위치한 후지와라 부부의 집에 맡겨지고, 자신을 친자식처럼 따뜻하게 맞이해 준 이 부부에게만큼은 요괴를 볼 수 있다는 자신의 비밀을 들키지 않겠다고 맹세한다.

그러나 문제는 나츠메에게 남겨진 외할머니 레이코의 유품인 '우인장'이었다. 나츠메와 마찬가지로 요괴를 볼 수 있으며 또한 상당한 힘을 지니고 있었던 레이코는 살아 생전에 요괴들과 싸움을 벌여 자신에게 진 요괴들의 이름을 수첩에 봉인하여 '우인장'을 만들었다. 요괴의 이름을 지배하면 요괴를 지배할 수 있다고 하며, 다시 말해 우인장에 이름이 적혀 있다는 것은 우인장의 주인에게 생사여탈권을 저당잡혀 있다는 사실이 된다. 우인장이 나츠메의손으로 넘어왔다는 사실을 알게 된 요괴들은 자신의 이름을 돌려받기 위해 우인장을 노리게 되지만. 가능한 한 요괴들에게 이름을 돌려주고자 하는 나츠메는 자칭 수호자인 복고양이 형상의 요괴 야옹선생과 함께 요괴들과의 교류를 시작하는데..."
m5aVQDW,미녀는 괴로워,2006,6.927976402389249,['한국'],"['코미디', '드라마']","씨름판에 나가도 거뜬할 체격을 가진, 그러나 한 남자에게 사랑받고 싶은 여린 마음의 한나(김아중). 신이 그녀에게 허락한 유일한 선물인 천상의 목소리로 가수를 꿈꾸지만 미녀 가수 ‘아미’의 립싱크에 대신 노래를 불러주는 ‘얼굴 없는 가수’ 신세다. 생계를 위해 밤에는 ‘폰팅 알바’까지 뛰어야 한다. 쉴 틈 없이 혹사당하는 목. 그러나 정작 가장 괴로운 건 그녀의 마음이다. ‘아미’의 음반 프로듀서이며 자신의 음악성을 인정해준 유일한 사람 한상준(주진모)을 남몰래 사랑하게 된 것. 짝사랑에 몸달아하던 그녀, 드디어 꿈에 그리던 그의 생일파티에 초대받고 들뜬 마음으로 한껏 멋을 부리고 나타나는데..."
mW9GGZd,최종병기 활,2011,7.115286295956191,['한국'],"['시대극', '액션', '전쟁']","50만 포로가 끌려간 병자호란, 치열했던 전쟁의 한 복판에 역사가 기록하지 못한 위대한 신궁이 있었다. 역적의 자손이자 조선 최고의 신궁 남이. 유일한 피붙이인 누이 자인의 행복만을 바라며 살아간다. 어렵사리 맞이한 자인의 혼인날, 가장 행복한 순간에 청나라 정예부대(니루)의 습격으로 자인과 신랑 서군이 포로로 잡혀가고 만다. 남이는 아버지가 남겨준 활에 의지해 청군의 심장부로 거침없이 전진한다. 귀신과도 같은 솜씨로 청나라 정예부대(니루)를 하나 둘씩 처치하는 남이, 한 발 한 발 청군의 본거지로 접근해간다. 남이의 신묘한 활솜씨를 알아챈 청의 명장 쥬신타는 왕자 도르곤과 부하들을 지키기 위해 남이를 추격하기 시작한다. 날아오는 방향을 예측할 수 없는 곡사를 사용하는 남이와 무시무시한 파괴력을 가진 육량시를 사용하는 쥬신타, 가장 소중한 것을 지키기 위한 사상 최대 활의 전쟁을 시작한다."
tlGmjZR,거침없이 하이킥,2006,8.539600674054027,['한국'],"['가족', '코미디', '시트콤', '드라마', 'TV드라마']",3대가 모여 사는 가족의 일상을 코믹하게 다룬 시트콤
m5x1Mex,소년시절의 너,2019,8.258308561236623,"['중국', '홍콩']","['범죄', '가족', '드라마', '로맨스']","“넌 세상을 지켜, 난 너를 지킬게”

시험만 잘 치면 멋진 인생을 살 수 있다고 가르치는 세상에서 기댈 곳 없이 세상에 내몰린 우등생 소녀 ‘첸니엔’과 양아치 소년 ‘베이’. 비슷한 상처와 외로움에 끌려 서로에게 의지하게 된 두 사람은 수능을 하루 앞둔 어느 날, ‘첸니엔’의 삶을 뒤바꿔버릴 거대한 사건에 휘말리게 된다. ‘첸니엔’만은 평범하고 행복하게 살길 바라는 ‘베이’는 그녀의 그림자가 되어 모든 것을 해결하기로 마음 먹는데… 

“고마워. 내 세상의 전부, 소년시절의 너.”"
m5rboD5,마스터,2012,7.628145256848121,['미국'],['드라마'],"제 2차 세계대전이 끝난 후, 젊은이들은 각자 자신의 길을 찾아 떠나지만 프레디 퀠(호아킨 피닉스)은 여전히 방황하며 백화점의 사진기사로 살아가고 있다. 자신이 제조한 술에 의존하며 살아가고 있는 프레디는 술에 취해 유람선의 한 파티장에서 난동을 부리게 되고 다음날 그 자리에 있었던 랭케스터(필립 세이모어 호프만)를 만나게 된다. 몇 마디 나누지 않았음에도 서로에게 이끌리게 된 두 남자. 프레디는 인간의 심리를 연구하는 ‘코즈’ 연합회를 이끌고 있는 마스터, 랭케스터의 실험대상이자, 조력자이자, 친구로서 그의 가족들과 함께 머물게 된다. 하지만 프레디는 진정한 마스터라 믿었던 랭케스터 역시 자신과 다르지 않은 불완전한 인간임을 깨닫고, 랭케스터 역시 가족들로부터 프레디를 멀리하라는 경고를 받게 된다. 두 남자 사이에 균열은 점점 커져가고 아슬아슬한 관계는 점점 파국에 치닫는데..."
mV53xjW,존 말코비치 되기,1999,7.714929151461354,['미국'],"['드라마', '코미디', '판타지']","크레이그 슈와츠(존 쿠삭)은 꼭두각시인형 예술가다. 인형을 만들고 놀리는 재주가 뛰어나지만 현재는 실업자 신세다. 애완동물 가게를 운영하며 동물에게 온갖 정성을 다하는 아내 로티(카메론 디아즈)는 그에게 직장을 구해보라고 권한다. 크레이그는 신문을 보다가 손을 잽싸게 놀려 서류정리를 해줄 사무원을 구한다는 광고를 보고 ‘레스터 기업’을 찾아간다. 회사는 뉴욕시의 한 빌딩인데 7과 1/2층(7층과 8층)사이에 사무실이 위치하는 기괴한 곳이다. 빠른 손놀림으로 즉시 채용이 된 크레이그는 오리엔테이션에서 멕신(케서린 키너)에게 반하지만, 그가 꼭두각시 인형술사라는 것을 알고 상대조차 하지 않으려 한다. 어느날 크레이그는 서류정리 중 실수로 서류철을 캐비닛 뒤로 떨어뜨린다. 이를 주으려고 캐비닛을 옮기다 이상한 문을 발견하게 된다. 그 문은 배우 ‘존 말코비치’의 뇌로 가는 통로였다. 15분동안 존 말코비치의 뇌속에 머물수 있고, 그의 감각을 모두 느낄 수 있다는 사실을 알게 된 크레이그는 이 사실을 부인과 멕신에게 알린다. 상업적 수완이 좋은 멕신은 이를 이용해 사업을 하자고 제안하고 이 사업은 나날이 번창해 가는데..."
mWyJ9zN,이스케이프 룸,2019,7.035307165479471,"['미국', '남아프리카 공화국']","['액션', '모험', '공포', '미스터리', '스릴러']","오감 공포를 자극하는 6개 죽음의 방
출구 없는 방탈출 게임이 시작된다.

거액의 상금이 걸린 방탈출 게임에 초대된 6명의 사람들.  성별, 연령, 출신도 모두 다른 이들은 오직 초대장만을 가지고 세계 최고의 방탈출 게임 회사 ‘미노스’에 모인다. 하지만 초대자는 나타나지 않고, 예고도 없이 시작되는 게임. 불태워 죽일 듯이 순식간에 방안의 온도가 상승하고 6명의 참가자는 탈출하기 위해 단서를 찾기 시작한다. 죽음의 공포 속에서 아슬아슬하게 다음 방으로 넘어간 참가자들은 오븐 룸, 아이스 룸, 업사이드다운 룸, 포이즌 룸, 일루전 룸, 크러쉬 룸을 거치며 이것이 평범한 게임이 아니란 걸 알게 되는데…"
mWyaxex,타오르는 여인의 초상,2019,8.036736142238158,['프랑스'],"['드라마', '로맨스']","“후회하지 말고 기억해”

초상화를 그리는 화가 마리안느(노에미 멜랑)는 원치 않는 결혼을 앞둔 귀족 아가씨 엘로이즈(아델 에넬)의 결혼 초상화 의뢰를 받는다. 엘로이즈 모르게 그림을 완성해야 하는 마리안느는 비밀스럽게 그녀를 관찰하며 알 수 없는 묘한 감정의 기류에 휩싸이게 된다. 

잊을 수 없는, 잊혀지지 않을 
사랑의 기억을 마주하게 할 걸작을 만난다"
m6dRLLW,"색, 계",2007,7.311009650688699,"['미국', '중국', '대만']","['드라마', '역사', '로맨스', '스릴러', '전쟁']","다시, 사랑을 끝낸다.

1938년 홍콩, 친일파의 핵심 인물이자 정보부 대장인 이(양조위)와 그를 암살하기 위해 ‘막 부인’으로 신분을 위장하고 접근하는 왕치아즈(탕웨이). 둘은 처음 본 순간부터 운명 같은 강렬한 이끌림을 느끼게 되지만 이의 상하이 발령으로 헤어지게 되고 암살 계획 또한 무산된다.

1941년 상하이, 다시 시작 된 암살계획으로 둘은 상하이에서 재회하게 된다. 경계를 푼 이, 그에게 다른 감정을 느끼는 왕치아즈. 이들은 서로에게 빠져들게 되는데…"
mWqJ94B,헤이트풀8,2015,7.713671453560842,['미국'],"['액션', '스릴러', '서부극', '범죄']","비밀을 지닌 8명의 방문자, 눈보라 속에 갇히다! 

레드 락 타운으로 ‘죄수’를 이송해가던 ‘교수형 집행인’은 설원 속에서 우연히 ‘현상금 사냥꾼’, ‘보안관’과 합류하게 된다. 그리고 거센 눈보라를 피해 산장으로 들어선 4명은 그곳에 먼저 와있던 또 다른 4명, ‘연합군 장교’, ‘이방인’, ‘리틀맨’, ‘카우보이’를 만나게 된다. 큰 현상금이 걸린 ‘죄수’를 호시탐탐 노리는 이들에게 ‘교수형 집행인’은 경고를 하지만 이를 비웃기라도 하듯 참혹한 독살 사건이 일어난다. 각자 숨겨둔 비밀이 하나씩 밝혀지면서 서로를 향한 불신이 커져만 가고 팽팽한 긴장감 속에 증오의 밤은 점점 깊어지는데..."
mdRL9gW,친절한 금자씨,2005,7.4576288779775854,['한국'],"['드라마', '스릴러', '범죄']","사람들의 시선을 단번에 사로잡을 만큼 뛰어난 미모의 소유자인 금자는 20살에 죄를 짓고 감옥에 가게 된다. 어린 나이, 너무나 아름다운 외모로 인해 검거되는 순간에도 언론에 유명세를 치른다. 누구보다 성실하고 모범적인 수감생활을 보내는 금자. 친절한 금자씨라는 말도 교도소에서마저 유명세를 떨치던 그녀에게 사람들이 붙여준 별명이다. 13년간의 복역을 무사히 마치고 출소하는 순간, 금자는 그 동안 치밀하게 준비해온 복수를 시작한다. 그녀가 복수하려는 인물은 자신을 죄인으로 만든 백선생. 그녀가 친절을 베풀며 도왔던 동료들은 이제 다양한 방법으로 금자의 복수를 돕는다."
mdjlyzW,은밀하게 위대하게,2013,6.8672204700547725,['한국'],"['액션', '드라마', '코미디']","북한의 남파특수공작 5446 부대. 20000:1의 경쟁률을 뚫은 최고 엘리트 요원 원류환, 공화국 최고위층 간부의 아들이자 류환 못지 않은 실력자 리해랑, 공화국 사상 최연소 남파간첩 리해진. 세 사람은 5446부대의 전설 같은 존재이다. 하지만 조국통일이라는 원대한 사명을 안고 남파된 그들이 맡은 임무는 어처구니 없게도 달동네 바보, 가수지망생, 고등학생이다. 전달되는 명령도 없이 시간은 흘러만 가고 남한 최하층 달동네 사람들과 부대끼며 살아가는 일상에 익숙해져 간다. 그러던 어느 날 그들에게 전혀 뜻밖의 은밀하고 위대한 임무가 내려지는데..."
mWvkVDZ,오베라는 남자,2015,7.695898701451319,['스웨덴'],"['코미디', '드라마', '로맨스']","고집불통 까칠남 오베. 평생을 바친 직장에서 갑자기 정리해고를 당하고, 유일하게 마음을 터놓던 아내 소냐까지 세상을 떠난 이후, 그에게 남은 것은 소냐를 따라가는 것뿐이다. 모든 준비를 마친 그는 마침내 계획을 실행할 결심을 하고, 마지막 순간을 앞둔 바로 그때, 그의 성질을 살살 긁으며 계획을 방해하기 시작한 누군가가 있었으니 바로 시도 때도 없이 막무가내로 들이대는 이웃들, 그의 삶에 제멋대로 끼어든 사람들. 과연 오베 인생 최악의 순간은 반전될 수 있을까?"
m5ZXrxO,아저씨,2010,7.875815634071083,['한국'],"['드라마', '액션', '범죄']","단 하나뿐인 친구는 그를 ‘아저씨’ 라 불렀다.

아픔을 겪고 세상을 등진 채 전당포를 꾸려가며 외롭게 살아가는 전직 특수요원 태식. 찾아오는 사람이라곤 전당포에 물건을 맡기러 오는 사람들과 옆집소녀 소미뿐이다. 세상으로부터 버림받은 소미와 함께 보내는 시간이 많아지면서 태식과 소미는 서로 마음을 열며 친구가 되어간다. 그러던 어느 날 소미가 갑자기 사라진다. 소미 엄마가 범죄사건에 연루되면서 같이 납치되고 만 것이다.

“소미를 찾아도 너희는 죽는다”

소미의 행방을 쫓아 다시 세상 밖으로 나오게 된 태식. 단 하나뿐인 친구인 소미를 위험에서 지켜내기 위해 범죄조직과 모종의 거래를 하지만 소미의 행방은 여전히 묘연하고, 경찰이 태식을 뒤쫓기 시작하면서 태식은 범죄조직과 경찰 양 쪽의 추격을 받게 된다. 그 과정에서 베일에 싸여 있던 태식의 비밀스런 과거도 드러나기 시작하는데….."
mYdE4GO,라이언 일병 구하기,1998,8.325241400151507,['미국'],"['전쟁', '액션', '드라마']","1944년 6월 6일 노르망디 상륙 작전. 오마하 해변에 대기하고 있던 병사들은 한치 앞도 내다볼 수 없는 긴장된 상황과 두려움을 감출 수 없었다. 노르망디 해변을 응시하는 밀러 대위와 가장 어려운 임무를 수행해야할 두려움에 지친 그의 대원들...

몇번의 죽을 고비를 넘기고 맡은 바 임무를 완수하지만 3형제가 전사하고 적진에서 실종된 유일한 생존자인 막내 라이언 일병을 위한 미 행정부의 특별한 임무를 맡게된다.단 한명의 목숨을 구하기 위해 여덟 명이 위험을 감수해야할 상황에서 대원들은 과연 라이언 일병 한 명의 생명이 그들 여덟 명의 생명보다 더 가치가 있는 것인지 끊임없는 혼란에 빠진다. 하지만 지휘관으로서 작전을 끝까지 책임지고 성공적으로 완수해야 할 밀러는 부하들을 설득해 다시 라이언 일병이 있다는 곳으로 향한다. 

마침내 극적으로 라이언 일병을 찾아낸다. 하지만 라이언은 다리를 사수해야할 동료들을 사지에 남겨두고 혼자 돌아가는 것을 거부하는데...."
m5ZlbBL,시맨틱 에러: 더 무비,2022,8.390684011749896,['한국'],"['로맨스', 'BL']","대한민국을 뜨겁게 만든 폭발적 신드롬의 주인공!
드라마 [시맨틱 에러]를 극장에서 만난다!

컴공과 '아싸' 추상우의 완벽하게 짜인 일상에 에러처럼 나타난 안하무인 디자인과 '인싸' 장재영, 극과 극 청춘들의 캠퍼스 로맨스가 스크린으로 펼쳐진다!"
m533Z8p,탐정 : 더 비기닝,2015,6.966608564404808,['한국'],"['미스터리', '드라마', '코미디', '범죄', '스릴러']","국내 최대 미제살인사건 카페를 운영하는 파워블로거 ‘강대만’(권상우)은 아기 돌보랴, 만화방 운영하랴, 부인 눈치 보랴 일상에 치여, '셜록'급의 추리력은 당최 쓸 데가 없다. 유일한 낙은 경찰서 기웃거리며 수사에 간섭하기! 광역수사대 출신 레전드 형사 ‘노태수’(성동일)는 형사 뺨치는 실력의 대만이 눈엣가시 같기만 하다. 그러던 어느 날, 친구이자 강력계 형사인 ‘준수’가 살인 사건의 범인으로 체포되고, 그의 누명을 벗기기 위해 두 사람은 어쩔 수 없이 비공식 합동추리작전을 시작한다. 그렇게 사사건건 부딪히기만 하던 그들 앞에 두 번째 살인사건이 일어나는데..."
mAd7vBO,아기공룡 둘리: 얼음별 대모험 리마스터링,1996,7.578338145652872,['한국'],"['애니메이션', '코미디', '가족', 'SF', '모험']","아기공룡 둘리는 1억 년 전 거대한 빙산 조각에 갇혀 엄마와 헤어지게 되고 그 안에서 깊은 잠에 빠지게 된다. 어느 날 한강으로 빙산 조각이 흘러 들어오게 되고 조금씩 얼음이 깊은 잠에서 깨어난 둘리는 우연히 쌍문동에 사는 소시민 고길동의 집에 머물게 되는데, 호기심 많고 말썽꾸러기인 둘리로 인해 고길동의 집은 그날부터 하루도 맘 편할 날이 없다.

거기에 ‘공포의 공갈 젖꼭지’ 희동이, 외계인 도우너, 귀부인 타조 또치, 가수지망생 마이콜이 가세하고 이들은 타임 코스모스를 타고 빨리 어른이 되기 위해 미래로 여행을 떠난다. 그러나 타임 코스모스의 작동실수로 이들은 우주의 미로 속, 얼음별로 향하게 되고 그곳에서 둘리는 꿈에 그리던 엄마를 만나게 된다. 하지만 얼음별은 우주의 악당 바요킹에 의해 지배당하고 있었고 둘리 일행은 바요킹의 추격에 쫓기기 시작한다."
tRzL165,약속의 네버랜드,2019,8.457581711019825,['일본'],"['애니메이션', '판타지', '공포', '미스터리', 'SF', '스릴러']","외부 세계로부터 단절된 고아원 '그레이스 필드 하우스'에 사는 소년, 소녀를 중심으로 그리는 탈옥 판타지 애니메이션"
md7Y8Z8,드라이브 마이 카,2021,8.021170962077942,['일본'],['드라마'],"누가 봐도 아름다운 부부 가후쿠와 오토. 우연히 아내의 외도를 목격한 가후쿠는 이유를 묻지 못한 채 갑작스럽게 아내의 죽음을 맞이하게 된다.

2년 후 히로시마의 연극제에 초청되어 작품의 연출을 하게 된 가후쿠. 그는 그곳에서 자신의 전속 드라이버 미사키를 만나게 된다. 말없이 묵묵히 가후쿠의 차를 운전하는 미사키와 오래된 습관인 아내가 녹음한 테이프를 들으며 대사를 연습하는 가후쿠.

조용한 차 안에서 두 사람은 점점 마음을 열게 되고, 서로가 과거의 아픔에서 벗어나지 못한 것을 알게 된다. 그리고 눈 덮인 홋카이도에서 내면에 깊숙이 자리 잡은 서로의 슬픔을 들여다보게 되는데…."
m5Go0qr,폴: 600미터,2022,6.409477636769808,['미국'],['스릴러'],"사상 최초 고공 서바이벌 

지상에서 가장 높은 600m 타워 내려갈 단 하나의 길이 끊겼다! 핸드폰 먹통, 식량 전무, 잠들면 추락.
 
한계 초과! 압도적 스릴!
지금껏 없었던 고소공포에 전율한다!"
mW428nl,애프터 양,2021,7.9667588761116575,['미국'],"['SF', '드라마']","함께 살던 안드로이드 인간 ‘양’이 어느 날 작동을 멈추자 제이크 가족은 그를 수리할 방법을 찾는다. 그러던 중, ‘양’에게서 특별한 메모리 뱅크를 발견하고 그의 기억을 탐험하기 시작하는데…

무엇을 남기고 싶었어, 양?"
mOkzRgW,큐어,1997,7.998378531760509,['일본'],"['스릴러', '미스터리']","도쿄 지역에서 동일한 방식의 엽기적인 연쇄 살인사건이 발생한다. 놀라운 것은 체포된 범인들이 하나같이 회사원, 교사, 경찰, 의사 등 평범한 사람들이라는 것. 평소 아무 문제가 없던 사람들이 똑같은 방식으로 살인을 저지른 것에 의문을 품은 다카베 형사(야쿠쇼 코지)는 이들이 모두 한 남자를 만난 후 범행을 저질렀다는 사실을 알게 된다."
tR7BLnE,오피스 시즌 1,2005,8.059451031879538,['미국'],"['코미디', '시트콤', 'TV드라마']","영국 BBC에서 방영된 시트콤 '오피스'를 리메이크 한 작품으로, 무미건조한 사무용지 판매회사의 깐깐한 지점장과 부하들을 중심으로 독특한 캐릭터들이 벌이는 코믹 해프닝과 가슴 찡한 에피소드를 다루는 시트콤."
tPJZ6jo,체인소 맨,2022,8.18555453559209,['일본'],"['애니메이션', '액션', '판타지']","빚을 갚기 위해 체인소의 악마 포치타와 함께 야쿠자의 의뢰를 받으며 데블 헌터로 살아가는 덴지. 어느 날, 야쿠자의 배신으로 살해당하고, 희미해지는 의식 속에서 자신을 부르는 목소리를 듣게 된다."
tR5KZqL,미스터리라 하지 말지어다,2022,8.58076950031537,['일본'],"['미스터리', 'TV드라마']","수수께끼의 남자 토토노, 사건의 본질을 이끌어내다! 오직 카레에만 진심인 토토노가 양파를 썰고 있는 그 때, 경찰이 근처에서 살인 사건이 났다며 찾아온다. 갑작스럽게 살인 사건 용의자로 지목된 그는 영문도 모른 채 경찰 조사를 받기 시작한다."
mWw3EXX,애프터썬,2022,7.916432959401709,"['영국', '미국']",['드라마'],아빠와 20여 년 전 갔던 튀르키예 여행. 둘만의 기억이 담긴 오래된 캠코더를 꺼내자 그해 여름이 물결처럼 출렁이기 시작한다.
mWpbEqM,내부자들: 디 오리지널,2015,8.013456544467303,['한국'],"['범죄', '드라마']","더 강렬하다! 더 리얼하다!
대한민국을 강타한 권력가들의 진짜 이야기

“끌어만 주시면 짖지 않고 예쁘게 따라갑니다”
복수를 계획하는 정치깡패의 과거_ 안상구

“덮으라고요? 왜, 장필우가 들어오랍디까?”
성공을 거래하는 열혈검사의 반격 _ 우장훈

“너도 성공하고 싶으니까 나한테 온 거 아냐?”
정치판을 설계하는 논설위원의 야망_ 이강희

조폭 검찰 언론 정치 재벌
내부자들의 숨겨진 이야기가 공개된다!"
mWyaQ4V,명탐정 코난: 진홍의 수학여행,2020,8.042306072094842,['일본'],['애니메이션'],"초등학생 코난이 아닌, 본래의 모습으로 교토 수학여행에 참가하게 된 고등학생 탐정 쿠도 신이치. 평범한 고등학생처럼 모리 란과 행복한 시간을 보내는 것도 잠시, 우연히 만난 배우 구라치 케이코의 부탁으로 의문의 암호 해독을 부탁받는다. 하지만 곧이어 그녀의 영화 제작 동료들을 둘러싼 연쇄 살인 사건이 일어난다. 범죄의 현장에는 요괴의 행적처럼 꾸며진 피 묻은 발자국과 팔손이 나뭇잎, 그리고 새로운 암호가 남겨져 있었는데… 

천년 역사의 도시 교토, 요괴의 소행 같은 기묘한 연쇄 살인 사건의 진실은?! 그리고 쿠도 신이치♥모리 란, 두 사람의 마음은 맞닿을 수 있을까?"
tEZAY0d,새빛남고 학생회,2021,8.441830958422798,['한국'],"['틴에이저', 'BL', '로맨스', '드라마', 'TV드라마']","‘나, 이대로 괜찮은 걸까?’ 

새빛남고의 고독한 자발적 아싸 태경. 스스로 괜찮다며 다독이지만 친구들이 부럽기도 하고 외로움을 느낀다. 그 마음을 알게 된 햇빛 선생님이 학생회 입부를 제안한다. 학생회 모두가 태경의 입부를 찬성하지만, 부회장 신우만 유일하게 반대를 한다. 반면 다정한 학생회장 다온은 태경의 아주 사소한 부분까지 챙겨주며 귀여워하는데. 평화로웠던 새빛남고 학생회에 떨어진 침입자 태경의 친구 만들기 프로젝트는 어떻게 막이 내릴까."
tlGNQ2B,나기의 휴식,2019,7.987924467136721,['일본'],"['코미디', '드라마', '로맨스', 'TV드라마']",줄곧 남의 눈치만 살피며 타인에게 맞추며 살았던 주인공이 어느 날 과호흡으로 쓰러진 것을 계기로 새로운 인생을 살기 위해 고군분투하는 이야기
tRMxXgn,천관사복,2020,9.076079778100649,['중국'],"['애니메이션', '액션', '모험', '판타지', '드라마', '로맨스', 'BL']","선락국 태자 출신의 사련은 등선과 폄적을 반복하다 세 번째로 선경에 오른다. 허나 실수로 신관들의 금전을 파괴하여 졸지에 공덕을 쌓아 만회해야 하는 처지에 놓인다. 사련은 속세에 자신을 봉양하는 이가 없으니 직접 속세에 내려가 귀신을 제거하여 공덕을 쌓기로 하고, 그 곳에서 자신을 도우려 온 두 어린 신관과 붉은 옷을 입은 신비로운 소년을 만난다. 네 사람은 함께 괴이한 사건들을 차례로 해결해 나가지만, 그와 동시에 찬란한 광채에 가려진 선계 신관들의 어두운 과거들마저 접하게 되는데..."
mOkLpok,지저귀는 새는 날지 않는다,2020,7.891309535985817,['일본'],"['애니메이션', '범죄', '드라마', '로맨스', 'BL']","사람을 좋아하는 고독을 알았다. 그것이 ‘남자’라는 절망도 알았다. 도신회의 간부이자 신세이 흥업의 사장인 M 취향의 ‘야시로’. 묵묵히 그의 곁을 지키는 전직 경찰 출신의 경호원 ‘도메키’. 점차 서로가 끌리게 되면서 운명에 농락당하는데... 

그들이 원하는 건 ‘사랑’인가? 
금기의 영역이 드디어 공개된다!"
m5rQw27,팬텀 스레드,2017,8.129461536401854,"['미국', '영국']","['드라마', '로맨스']","내 사랑이 널 완성할거야.

1950년 런던. 왕실과 사교계의 드레스를 만드는 의상실 우드콕의 디자이너 ‘레이놀즈’는 우연히 마주친 젊고 당찬 ‘알마’에게 첫눈에 반한다. 레이놀즈 인생 최고의 뮤즈이자 유일한 연인이 된 알마. 마치 환상처럼 화려한 인생을 살고 있지만 레이놀즈가 만든 세상의 일부일 뿐인 그녀는 자신의 전부인 사랑을 걸고 그의 인생을 망치기로 한다.

나의 아름다운 뮤즈, 넌 누구지?"
tR57N1l,99.9 ~형사 전문 변호사~ 시즌 1,2016,8.232634457611669,['일본'],"['드라마', '범죄', 'TV드라마']",99.9% 유죄가 확정 났지만 나머지 0.1%의 숨겨진 사건의 진상을 철저히 규명하기 위해 나선 열혈 변호사를 중심으로 개성 넘치는 형사 사건 전문 변호사들의 통괘한 역전극을 그린 법률 드라마
tR5wkZl,한니발 시즌 1: 완전판,2013,8.129277847586666,['미국'],"['범죄', '드라마', '공포', '미스터리', '스릴러', 'TV드라마']","“이것이 사건의 설계도다”

사건 현장만 보고도 살인을 재구성할 수 있는 뛰어난 상상력의 프로파일러 윌 그레이엄은 FBI의 요청으로 일명 ‘미네소타 때까치’ 연쇄살인사건에 투입된다. 그러나 끔찍한 살인 현장을 목격하며 사건을 수사할수록 그의 심리 상태는 불안정해지고, 이를 위해 FBI는 정신과 박사 한니발 렉터를 찾아가 윌 그레이엄의 정신 분석을 의뢰하는데…

살인범과 공감하는 프로파일러 윌 그레이엄과 정체를 숨긴 희대의 식인 살인마 한니발 렉터의 우아하고 잔혹하며 매혹적인 심리전이 시작된다!"
tEm9KLB,안기고 싶은 남자 1위에게 협박 당하고 있습니다,2018,8.264820617765556,['일본'],"['애니메이션', '로맨스', 'BL', '드라마']","5년 연속 안기고 싶은 남자 1위였던 베테랑 배우 타카토, 그 자리를 빼앗은 신인 배우 쥰타. 연예계를 무대로 펼쳐지는 안기고 싶은 남자 1위와 2위의 금단의 스캔들이 시작된다."
m5NVM3E,물에 빠진 나이프,2016,6.922829454285488,['일본'],"['드라마', '로맨스']","15살의 여름. 도쿄에서 멀리 떨어진 시골, 우키구모 마을에 이사 온 인기 모델 모치즈키 나츠메(고마츠 나나). 나츠메는 지루하고 심심한 이 마을에서, 오만 할 만큼 격렬하게, 자유로운 코우(스다 마사키)를 보며 반발하면서도 어쩔 수 없는 끌림을 느낀다. 그들을 둘러싼 슬프고 강렬한 사랑이야기.

청춘들의 방황, 질투와 사랑…그 운명의 시간들
10년 간의 장기 연재를 마친 동명의 만화, 영화화!"
tRwGxbD,콩트가 시작된다,2021,8.766408813877169,['일본'],"['드라마', 'TV드라마']","그 시절에 그리던 '어른의 자신'과는 전혀 거리가 먼, 대실패한 삶을 걸어가는 20대 후반의 콩트 트리오 '맥베스'. 그들의 마지막이자 또 다른 시작이 될 콩트가 시작된다."
m5mY8q3,미드소마 감독판,2019,7.236250283954668,['미국'],"['드라마', '공포', '미스터리', '스릴러']","“이런 축제는 처음이야”
한여름, 낮이 가장 긴 날 열리는 미드소마에 참석하게 된 친구들. 꽃길인 줄 알고 들어간 지옥길, 축제가 끝나기 전까지 절대 빠져나올 수 없다. 큰 상실을 겪은 대니가 남자친구 크리스티안과 스웨덴의 어느 마을에서 한여름 낮이 가장 긴 날 열리는 하지 축제에 참석해 기이한 경험을 겪고 점점 공포에 빠져들게 된다."
tlLmw4E,보석의 나라,2017,7.935343228200371,['일본'],"['애니메이션', '액션']",먼 미래를 배경으로 불사의 몸을 가진 생명체 '보석이' 자신들을 사냥하기 위해서 달에서 내려온 침략자에 맞서 싸우는 이야기를 그린 애니메이션
mOl4QPN,분노,2016,7.543302146695399,['일본'],"['미스터리', '드라마']","하나의 살인사건, 세 명의 용의자, 충격적인 범인의 정체! 무더운 여름의 도쿄, 평범한 부부가 무참히 살해된다. 피로 쓰여진 “분노”라는 글자만이 현장에 남은 유일한 단서. 그리고 1년 후, 연고를 알 수 없는 세 명의 남자가 나타난다. 치바의 항구에서 일하는 요헤이(와타나베 켄)는 3개월 전 돌연 가출해 유흥업소에서 일하던 딸 아이코(미야자키 아오이)를 데리고 집으로 돌아온다. 아이코는 2개월 전부터 항구에서 일하기 시작한 타시로(마츠야마 켄이치)와 만나 사랑에 빠지지만, 요헤이는 타시로의 과거를 의심한다. 클럽파티를 즐기는 도쿄의 샐러리맨 유마(츠마부키 사토시)는 신주쿠에서 만난 나오토(아야노 고)와 하룻밤을 보내고 동거를 시작한다. 사랑의 감정이 깊어져 가지만, 유마는 자신의 이야기를 하지 않는 나오토의 행동에 의심을 품게 된다. 오키나와로 이사 온 고등학생 이즈미(히로세 스즈)는 새로 사귄 친구인 타츠야(사쿠모토 타카라)와 무인도를 구경하던 중 배낭여행을 하던 타나카(모리야마 미라이)를 만나게 된다. 친절하고 상냥한 타나카와 친구가 되는 두 사람. 하지만 그의 정체를 아는 사람은 아무도 없다. 그리고 범인을 쫓고 있던 경찰은 새로운 수배 사진을 공개하는데…내가 사랑하는 당신… 살인자인가요?"
tE3ADW1,최애,2021,8.473126890905855,['일본'],"['스릴러', '로맨스', '드라마', 'TV드라마']","모든 것은 사랑하고 있기에, 진상은 사랑으로 사라진다.

'사나다 웰네스'의 사장 사나다 리오는, ""세계를 바꾸는 100인의 30대""에 선정되는 유능한 사업가. 그런 그녀가, 일찍이 마음을 나눈 미야자키 다이키와 15년만에 재회한 때, 다이키는 형사, 리오는 살인사건의 중요참고인이었다. 

여성 기업가인 주인공과 형사, 변호사 세 사람을 중심으로 전개되는 연쇄살인사건에 얽힌 러브 서스펜스 드라마"
tEQkYXw,전생했더니 슬라임이었던 건에 대하여 2기,2021,8.871573571243859,['일본'],"['애니메이션', '액션', '모험', '코미디', '판타지']",리무루와 마물들이 세운 나라 쥬라 템페스트 연방국. 리무루의 목표처럼 인간과 마물이 공존하는 나라를 만들던 리무루는 이 세계에 명확히 마물에 대한 적의가 존재한다는 현실을 마주한다.
md7YyKB,나의 별에게,2021,8.266510538641686,['한국'],"['로맨스', 'BL']","한 동안 잠잠하다 했더니, 톱스타 서준이 또 일을 쳤다. 폭행!? 이번엔 배우 동료를 폭행했다. 그냥 스캔들과는 차원이 다른 문제였다. 윤리적인 문제도 있었고 이미지 타격도 컸다. 당분간 활동은 글렀다 생각한 필현은 서준을 다른 집으로 도피시키기로 했다. 바로, 지우가 세 들어 살고 있는 그 집으로!

그러나 두 사람은 처음 본 사이가 아니었다. 어차피 세 들어 사는 집이라, 지우에게 나가라 마라 할 권한도 없었고, 지우는 그냥 서준을 상종하지 않고 살아야겠다고 다짐한다. 그러나, 낯가림 이라고는 1도 없는 서준은 끊임없이 지우에게 말을 걸기 시작한다.

과연, 두 사람은 잘 지낼 수 있을까?"
tRB6xAw,외톨이 THE ROCK!,2022,8.593089221248066,['일본'],"['애니메이션', '음악', '일상']",대인기피증으로 인하여 극도로 낯을 가리는 소녀가 밴드 활동을 동경하게 되어 기타를 배우며 혼자가 아닌 다른 사람들과 '결속 밴드'를 하게 되는 이야기
tR2ezDD,명탐정 코난 18기,2019,8.913132777576417,['일본'],"['애니메이션', '액션', '모험', '코미디', '범죄', '드라마', '미스터리', '로맨스', '스릴러']",꼬마가 되어버린 신이치는 에도가와 코난으로 이름을 바꾸고 란의 집에 신세를 지면서 초등학교를 다니게 된다. 초등학생이 된 신이치는 그 추리력으로 계속해서 여러 사건들을 해결하며 자신을 어리게 만든 조직의 발자취를 쫓는다.
mWLyRyr,로스트 도터,2021,7.126874553677696,"['미국', '영국', '이스라엘']",['드라마'],"“집을 나왔어요. 그렇게 딸들을 버렸죠”

그리스로 혼자 휴가를 떠난 대학 교수 레다는 딸을 가진 젊은 여자 니나를 보고 단번에 시선을 빼앗긴다. 매일 같은 해변에서 시간을 보내며 서로를 응시하던 두 사람, 갑자기 니나의 딸이 사라지고 레다는 옛 기억을 떠올린다."
tlObGeB,올드 패션 컵케이크,2022,8.368842513952924,['일본'],"['로맨스', 'BL', 'TV드라마']",40세를 앞둔 평범한 회사원 노즈에는 연애와 승진도 마다한 채 무료한 일상을 보낸다. 무기력한 노즈에가 안타까운 토가와는 그를 팬케이크 가게로 데려가 담아뒀던 마음을 털어놓는다.
mWpRnKd,오디션,2000,6.725422427035331,['일본'],"['공포', '미스터리']","이상적인 ‘신붓감 찾기’ 오디션! 
무려 4천명의 여성 가운데 20대의 아사미 전격 발탁! 

“나만 사랑해야 해요.. 나만..!” 

후반 10분… 이제껏 경험하지 못했던 공포의 충격 엔딩! 

영화사를 운영하는 중년의 아오야마는 7년 전 아내를 잃은 뒤 16살 난 외아들과 살고 있다. 무기력한 일상을 보내던 중 아들의 권유로 재혼을 결심하고 친구의 조언을 받아, 제작 영화의 여주인공을 뽑는 오디션을 통해 아내를 찾기로 계획한다. 4천 명의 오디션 지원자들이 몰리고, 그 가운데 이상형에 딱 맞는 신비한 매력의 청순한 젊은 여성, 아사미에게 한눈에 반한 아오야마. 하지만 프러포즈 전, 둘만의 여행지에서 갑자기 아사미가 사라지고 아오야마는 행방을 쫓던 중 그녀의 이야기가 모두 거짓임을 알게 된다. 하나 둘씩 수면 위로 드러나는 아사미의 숨겨진 과거와 그녀를 둘러싼 미스터리한 실종자들과 살인사건들. 아오야마는 커다란 혼란에 빠지는데..."
m5Z391L,9명의 번역가,2019,6.802749071937393,"['프랑스', '벨기에']","['미스터리', '스릴러']","밀실에서 유출된 세계적 베스트셀러..!
범인은 우리들 중에 있다!

화제의 베스트셀러 ‘디덜러스‘. 이 책의 마지막 장 출판을 위해 9개국의 번역가들이 고용된다. 결말 유출을 막기 위해 아무도 나갈 수 없는 지하 밀실에서 작업을 시작한 그들. 하지만 곧 첫 10페이지가 인터넷에 공개된다. 그리고 편집장 ‘에릭’에게 도착한 한 통의 메시지.

""돈을 보내지 않으면 다음 100페이지를 공개하겠다.”

‘에릭‘은 모든 수단을 동원해 범인을 찾으려 하고, 번역가들은 서로를 의심하기 시작하는데…"
tEm9oQr,니시아적영요: 너는 나의 영광,2021,8.715490694872138,['중국'],"['로맨스', '드라마', 'TV드라마']",우주 항공 비행의 이상에 경의를 표하며 초심을 지켜내고자 하는 이들의 이야기. 우주비행사 위투와 톱스타 차오징징이 우연한 계기로 만나면서 사랑에 빠지고 서로의 영광이 된다.
tRp4Me5,겨울 지나 벚꽃,2022,8.261090171064076,['한국'],"['BL', '로맨스', 'TV드라마']","부모님이 돌아가신 후 소꿉친구 태성의 집에서 살게 된 해봄. 하지만 태성의 모진 말 때문에 해봄은 그를 멀리하고, 그렇게 어색한 사이로 고등학교 3학년 봄을 맞이한 두 사람은 공교롭게도 같은 반에서 만난다."
m5Goapn,옥수역귀신,2022,3.002581311306144,['한국'],"['미스터리', '공포']",특종이 필요한 기자 ‘나영’은 옥수역에서 근무하는 친구 ‘우원’을 통해 ‘옥수역’에서 계속해서 일어난 사망사건들을 듣게 된다. 나영은 우원과 함께 취재를 시작하고 그녀에게 계속 괴이한 일들이 벌어지는데… 무언가 있다. 옥수역에…
mOPVoqY,오타쿠에게 사랑은 어려워,2020,6.40810700428834,['일본'],"['코미디', '뮤지컬', '로맨스']","덕질은 만렙, 연애는 쪼렙 
초보들의 파란만장 러브 스토리! 

평범한 회사원 나루미는 이직한 회사에서 소꿉친구 히로타카와 재회한다. 잘생기고 일도 잘하는 히로타카는 사실 중증 게임 오타쿠이고, 나루미 역시 애니메이션에 푹 빠진 오타쿠! 오타쿠인 것을 숨겨온 나루미는 히로타카 앞에서만 본 모습을 드러내고 히로타카의 제안으로 둘은 아슬아슬한 초보 연애를 시작한다. 그러나 연애 부적합자인 오타쿠들의 연애는 생각보다 쉽지 않은데…."
tR2eZJz,오버로드 4기,2022,8.698769876987699,['일본'],"['애니메이션', '액션', '판타지']","2138년, 가상현실 체감형 게임 위그드라실의 플레이어 모몬가. 서비스 종료 시간을 기다리지만 로그아웃이 되지 않고, NPC들이 의지를 갖고 움직이기 시작하며 한 번도 보지 못한 세계가 펼쳐지기 시작한다."
tPd3Ak1,달이 이끄는 이세계 여행,2021,8.324439053972105,['일본'],"['애니메이션', '판타지', '액션', '코미디']",용사로 이세계에 왔지만 여신으로부터 못생겼다는 말을 듣고 세상의 끝인 황야의 땅으로 보내진 주인공의 이야기
tPj19b0,진격의 거인 The Final Season 파트 3 (완결편 전편),2023,8.82102851323829,['일본'],"['애니메이션', '액션', '모험', '드라마', '판타지', '공포']",
tPeWroD,나의 별에게,2021,8.084332368747416,['한국'],"['드라마', '로맨스', 'BL']","궤도를 이탈해버린 배우 강서준과 궤도를 벗어나고 싶지 않은 셰프 한지우의 단짠단짠, 우여곡절 동거로맨스를 그린 작품."
mdKpvJ1,성의 극약,2020,5.9371443352302125,['일본'],"['드라마', '로맨스', 'BL']","한순간에 엘리트 인생에서 나락으로 떨어진 카츠라기. 죄책감에 삶을 포기하려던 그 순간, 한 남자가 그를 살린다. 정신을 차려보니 카츠라기는 어딘지 알 수 없는 곳에 감금당해 있고, 그에게 수수께끼의 남자 요넨이 나타나 속삭인다.

“살아있음을 느끼게 해줄게…!”

“이제 네 목숨은 내 거야!”
고통 속에 모든 감각이 깨어난다!"
tR5KVAa,86 -에이티식스-,2021,8.857884737175427,['일본'],"['애니메이션', 'SF', '전쟁', '액션']","공화국 85구의 밖, 제86구에서 에이티식스라는 낙인이 찍힌 소년소녀의 싸움이야기"
mdEm30g,유랑의 달,2022,7.006962710815411,['일본'],"['드라마', '미스터리']","전국을 떠들썩하게 만들었던 유괴 사건. 그로부터 15년 뒤, 사회로부터 사건의 가해자와 피해자로 낙인찍힌 두 사람이 재회하는데…"
tlAnxBw,준과 준,2023,8.145810663764962,['한국'],"['로맨스', 'BL', '코미디', 'TV드라마']",아이돌 출신 인턴사원 이준과 플러팅 천재 본부장 최준의 좌충우돌 오피스 로맨틱 코미디
tRWmW08,가가니별포: 네가 어디 있든,2023,8.344262295081966,['중국'],"['드라마', '로맨스', 'BL', 'TV드라마']","우비는 아빠가 새엄마의 아들을 자신과 같은 학교로 보낸다는 말을 듣고 아빠 몰래 전학 수속을 밟는다. 전학을 간 학교에서 우비는 세상을 떠난 엄마가 마지막으로 만든 소년 조각상과 닮은 쑤위를 만나고, 엄마가 생전에 좋아했던 노래를 부르는 쑤위에게 자꾸만 눈길이 간다. 재혼 가정의 형제가 된 쑤위와 우비. 둘은 서로의 결핍을 채워주며 조금씩 가까워지는데…"
tE15Lnv,자동판매기로 다시 태어난 나는 미궁을 방랑한다,2023,6.96969696969697,['일본'],"['애니메이션', '판타지', '코미디']",교통사고에 휘말린 핫콘은 눈을 떠보니 처음 보는 호수 근처에 서 있다. 자동판매기가 된 핫콘은 자동판매기의 기능만으로 이세계 던전에서 살아남아야 한다.
tPeWZ5G,야마다 군과 Lv999의 사랑을 하다,2023,8.591458333333334,['일본'],"['애니메이션', '로맨스', '코미디']","바람을 피운 남자친구에게 차인 여대생과 프로 게이머 남고생이, 온라인 게임에서 만나게 되면서 시작되는 러브 코미디 애니메이션"
tPeWoAe,구소한야난 - 너의 온도,2023,7.581896551724138,['중국'],"['로맨스', '드라마', '시대극', 'TV드라마']","건국 구소성의 독사위 순위 소구아는 허약한 체질 때문에 근근이 순위 생활을 이어간다. 얼굴에 흉터 세 줄이 있는 범인을 쫓는 과정에서 소구아는 기국 왕자 한쟁을 만나며 함께 사건을 수사한다. 소구아의 차가운 체질은 한쟁의 온기로 점점 회복된다. 하지만 동요 살인 사건과 기이한 그림 살인 사건이 연이어 발생하며 사건은 미궁에 빠진다. 한편, 두 사람은 사건을 해결하는 과정에서 건족과 기족 사이의 불편한 현실을 마주하게 되는데…"
tE3AbD1,레벨 1이지만 유니크 스킬로 최강입니다,2023,6.940568475452197,['일본'],"['애니메이션', '판타지', '모험']","블랙 기업에 근무하는 사토 료타는 모든 것이 괴물에서 떨어지는 이상한 던전으로 전이해, 레벨 1로 고정되는 처지에 몰린다. 레벨이 오르지 않는 한편, 그만의 수수께끼의 유니크 스킬을 소유자임을 알게 된다."
tPy8oM9,바람의 검심 -메이지 검객 낭만기-,2023,8.083783783783783,['일본'],"['애니메이션', '액션', '시대극']","막부 말기 동란의 시기 '칼잡이 발도재'라 불리며 모두가 두려워하던 유신지사가 있었다. 그는 새로운 시대의 도래와 함께 사람들 앞에서 모습을 감췄고 '최강'이라는 이름의 전설이 되었다.

시간은 흘러── 메이지 11년 도쿄 서민 마을. 역날검을 허리에 차고 불살을 맹세한 떠돌이 검객 히무라 켄신은 카미야 활심류 사범 대리인 카미야 카오루와 만난다. 켄신은 활심류를 사칭하며 칼부림을 일삼는 '칼잡이 발도재' 사건을 해결한 것을 계기로 카오루네 검술 도장의 식객이 된다. 도쿄 무사 가문 출심의 묘진 야히코, 싸움꾼 사가라 사노스케와 같은 동료들과의 만남. 과거의 악연으로 인해 싸우게 된 숙적들과의 대치.

새로운 시대를 힘껏 살아가는 사람들이 그리는 메이지 검객 낭만기,  
여기에 개막──"
tRB64k7,하야부사 소방단,2023,7.622540250447227,['일본'],"['미스터리', '드라마', 'TV드라마']",시골 마을에서 일어나는 괴사건에 미스터리 작가가 휘말리는 전율의 공포 미스터리 드라마
tRzLD0M,"실은 나, 최강이었다?",2023,7.411538461538462,['일본'],"['애니메이션', '판타지', '모험']","니트족으로 살던 하루토는 신탁을 들은 뒤 이세계 왕자로 태어난다. 마력이 절대적인 세계에서 압도적인 마력과 왕족의 지위를 얻은 그는 한량으로 살려고 마음먹었지만, 이내 숲에 버려진다."
tPj1AQg,블루밍,2022,8.096750369276219,['한국'],"['드라마', '로맨스', 'BL', 'TV드라마']",철저한 관리로 어딜 가든 인기를 독차지하던 '시원'의 대학생활에 본투비 인기남 '다운'이 나타나면서 벌어지는 두 영화과 학생들의 캠퍼스 로맨스.
mW42G2R,피기,2021,5.491682661548305,['스페인'],"['드라마', '스릴러', '공포']","내 이름은 사라. 나를 돼지라 부르며 괴롭히던 친구들이 납치당하는 것을 보게 되었다. 작은 마을에서 살인 사건도 벌어졌다. 끔찍한 사건의 유일한 목격자가 된 것 같다. 그렇다면…

신고한다 VS 안 한다"
tRzLoLM,이상한 전생,2023,7.122065727699531,['일본'],"['애니메이션', '판타지', '모험']",일본 대표로 뛰던 과자 장인이 세계대회장에서 세상을 떠났다. 가난한 영주 아들인 페이스트리로 환생한 장인은 과자를 통해 미소와 행복이 넘치는 영지를 만들기 위해 노력한다.
tRB64x7,왕에게 바치는 약지,2023,7.750663129973475,['일본'],"['로맨스', '코미디', '로맨틱 코미디', 'TV드라마']",사랑은 하나도 없이 결혼부터 시작하는 가난한 신데렐라와 절대적 왕인 상사의 초타산적 러브 스토리 드라마
tP8az0d,침향여설,2022,8.369186046511627,['중국'],"['판타지', 'SF', '로맨스', 'TV드라마']",사엽함담족의 마지막 후예인 안담은 천계 제군 응연의 옥대를 망가트린 벌로 옥대를 수선하는 벌을 받는다. 억지로 묶여있던 안담은 사랑이 금지된 천계에서 응연을 사모하기 시작한다.
tRwGvzL,마슐,2023,7.932098765432099,['일본'],"['애니메이션', '판타지', '코미디', '액션']",평온한 삶을 꿈꾸던 마슈는 어느 날 갑자기 목숨을 위협받고 어째선지 마법학교에 입학하게 된다. 마법을 사용하지 못한다는 비밀을 가진 마슈는 이 곳에서 가장 우수한 학생만이 될 수 있다는 신각자를 목표로 하게 된다.
tl9gLNb,트랙터는 사랑을 싣고,2023,8.232403718459496,['한국'],"['드라마', '코미디', '로맨스', 'BL', 'TV드라마']",삶에 지쳐 잠시 시골로 내려온 도시남 ‘선율’과 농촌을 억수로 사랑하는 시골남 ‘예찬’의 싱그러운 무공해 힐링 로맨스
tlObd36,이세계 유유자적 농가,2023,8.123476848090982,['일본'],"['애니메이션', '판타지', '코미디']",블랙 기업에서 몸을 혹사하여 목숨을 잃은 주인공이 이세계로 전생하여 슬로우 라이프를 그린 판타지 애니메이션
tPy8JQg,여덟 번째 감각,2023,8.30192878338279,['한국'],"['로맨스', 'BL']","“너는 나에 대해 잘 모르잖아” 
대학에 입학하기 위해 서울로 상경, 모든 것이 낯선 신입생 ‘지현’. 과거의 상처와 졸업을 앞둔 불안감에 복잡한 나날을 보내고 있던 복학생 ‘재원’. 우연치 않게 만난 두 사람은 처음 만난 순간부터 새로운 감정을 느끼게 된다. 

“이제 겁먹지 않으려고 해요”
재원이 활동하는 서핑 동아리에 가입하며, 한 걸음 용기 내보려는 지현과 그런 그에게 위로와 편안함을 느낀 재원. 두 사람은 어느새 걷잡을 수 없이 서로에게 빠져들게 된다. 

“꼭 오감만 느끼는 게 아니잖아. 너만의 감각을 따라가봐”
하지만 혼란스러운 현실이 서툰 첫사랑을 하고 있는 두 사람에게 다가오는데…"
tPrzZmW,이세계에서 치트 스킬을 얻은 나는 현실 세계에서도 무쌍한다 ~레벨업이 인생을 바꿨다~,2023,7.107066381156317,['일본'],"['애니메이션', '판타지', '액션', '모험']",어렸을 때부터 심한 학대를 받은 소년이 이세계로 가는 문을 발견하게 되면서 이세계에서의 레벨 업이 현실 세계에서도 영향을 미치게 되는 인생 역전 판타지 애니메이션
tR72Z69,블리치 천년혈전 편,2022,8.620341614906833,['일본'],"['애니메이션', '액션', '모험', '판타지']",소울소사이어티의 정령정이 퀸시의 시조 유하바하가 이끄는 반덴라이히에게 습격당한다. 그들은 소울소사이어티를 섬멸할 것을 선전포고한다. 모든 것은 종언의 끝으로 쿠로사키 이치고의 마지막 싸움이 시작된다.
mWvoNZO,무엇에 쓰는 물건인고,1993,5.530632911392405,['한국'],"['로맨스', '코미디']","조선에 재가 금지법이 공포되고, 외로운 한과부는 신령에게 치성을 올려 남자로 변하는 나무공 하나를 선물로 받는다. 마을에 이 소문이 퍼지자 아낙네들은 서로 나무공을 차지하려고 싸움을 벌인다."
tE6Y23M,한여름의 신데렐라,2023,5.808035714285714,['일본'],"['로맨스', 'TV드라마']",한여름 바다를 배경으로 펼쳐지는 남녀 8명의 러브 스토리 드라마
tPJZm2w,신입사원,2022,7.545499021526418,['한국'],"['로맨스', 'BL', '드라마', 'TV드라마']","“안녕하세요, 신입사원 우승현입니다.”

취업 성공 기원! 긴장 백배! 두근두근 첫 출근 날, 멍뭉미를 뽐내며 해맑게 인사하는 늦깎이 신입인턴 우승현 앞에 
워커홀릭 파트장 김종찬이 나타났다.

“9시 출근이라는 건 9시부터 일을 시작하라는 거지, 9시에 PC를 켜라는 소리가 아닙니다.”

인사도 없이 잔소리부터 시작하는 이 남자… “잘 생겼다!”

얼굴도 피지컬도 모든 것이 완벽한 종찬에게 첫눈에 마음 빼앗겨버린 짝사랑 전문가 승현, 잘 보이고 싶은 마음이 앞설수록 일은 자꾸만 꼬여 가고 인턴도 연애도 처음이라 모든 것이 서툴기만 한데…

업무는 만점, 연애는 빵점인 워커홀릭 파트장 ‘종찬’과 공부는 일등, 연애는 꼴등인 모태솔로 신입인턴 ‘승현’의
아슬아슬한 사내연애, 성공할 수 있을까?"
tE3ALJK,나의 신부 군,2023,7.3729128014842304,['일본'],"['로맨스', '코미디', '로맨틱 코미디', 'TV드라마']",일 외에는 관심이 없는 잘나가는 커리어 우먼이 가사를 압도적으로 잘하는 후배를 신부로 맞게 되며 벌어지는 코미디 드라마
tEqZ4Dp,모노노가타리 제2장,2023,8.395209580838323,['일본'],"['애니메이션', '액션', '판타지']","오랜 세월이 지난 물건에는 마음이 깃들어 츠쿠모가미가 되고, 사에노메는 그들을 황천으로 돌려보낸다. 사에노메인 효마와 보탄은 츠쿠모가미에 대한 정반대의 마음을 가지고 만나 한 지붕 아래에서 지낸다."
tlxkXQ5,풍덕빌라 304호의 사정,2022,8.018867924528301,['한국'],"['로맨스', 'BL', 'TV드라마']","금남그룹 재벌 3세이자 신규사업팀 팀장 지호준, 풍덕빌라 집주인이자 신규사업팀 인턴 서재윤. 이들의 한치의 양보도 없는 쌍방 갑질 로맨스!"
tPVd36L,알바 뛰는 마왕님!! Part 2,2023,7.610169491525424,['일본'],"['애니메이션', '판타지', '코미디']","이세계에서 마왕과 용사 에밀리아로 적이었지만, 도쿄에서는 살아남기 위해 부지런히 일하는 마오와 에미. 점차 일본 생활에 적응해나가던 그들 앞에 수수께끼의 소녀가 나타나면서 혼란이 찾아온다."
tlxkZan,라스트 맨 -전맹의 수사관-,2023,8.195624195624196,['일본'],"['드라마', '미스터리', 'TV드라마']",전맹인 FBI 특별 수사관과 경시청 형사가 한 팀이 되어 사건 해결에 도전하는 모습을 그린 드라마
tE6Y2kQ,절배수심당: 사랑의 맛,2023,6.896551724137931,['중국'],"['로맨스', '드라마', 'TV드라마']","인기 걸그룹 캔디 소녀의 리더로 스타덤에 올랐던 탕쑤는 출처를 알 수 없는 감독과의 추문으로, 남자친구 루옌즈는 물론 연예계에서도 버림받는다. 스트레스성 폭식으로 뚱녀가 된 자기 모습에 충격받아 잠적한 후로 음식 배달하며 근근이 먹고살던 중에 우연히 타임 엔터테인먼트 황푸줴와 엮이며 그의 식모가 되는데…"
mdj29Gq,섹스 스캔들,2021,5.474137931034483,['폴란드'],"['드라마', '로맨스', '범죄', '스릴러']","그들 만의 은밀한 서비스, 모두를 놀라게 만든다!

에미는 자신의 꿈을 위해 기회가 있을 때마다 주저 없이 돌진하는 야심 찬 여자다. 그렇게 은밀한 세계에서 전문적인 에스코트가 된 에미. 어느 날, 중동의 어느 잘생긴 부자의 초대를 받아 에미는 미스 폴란드, 섹시 스타 및 모델을 모아 화려한 파티에 참석한다. 아름다운 여성들과 잘생긴 남성들, 그들 만의 호화로움과 사치 속에서 도발적인 스캔들이 벌어진다."
tPj1Bew,최강 음양사의 이세계 전생기,2023,7.720083246618106,['일본'],"['애니메이션', '판타지', '액션', '모험']",이세계로 환생한 천재 음양사 주인공이 최강의 음양술과 강력한 요괴들을 거느리고 새로운 삶에 도전하는 판타지 애니메이션
tRwGb9D,밥만 잘 사주는 이상한 이사님,2022,7.711399711399712,['한국'],"['BL', '로맨스', 'TV드라마']","국내 최고의 기획사 입사 첫날, 동백은 생전 처음 보는 이상한 이사님 유담에게 고백받는다. 동백은 유담의 연애 제안을 거절하는데, 그때부터 알 수 없는 통증과 심상치 않은 신의 기운을 느낀다."
tlLrdaW,어둠의 실력자가 되고 싶어서!,2022,8.020918070889017,['일본'],"['애니메이션', '판타지', '코미디']",이세계로 전생한 소년이 동경하던 어둠의 실력자가 되어 가는 이야기를 그린 애니메이션
tEgMoOA,이 멋진 세계에 폭염을!,2023,7.565982404692082,['일본'],"['애니메이션', '판타지', '코미디']","메구밍은 어렸을 때 자신을 구해준 마법사를 동경해 멋진 폭렬 마법사가 되고자 한다. 그러나 마법학교 레드 프리즌에서 상급 마법만을 가르치자, 메구밍은 홀로 폭렬 마법을 습득하기 위해 노력한다."
tEQkVwA,드래프트 킹,2023,7.908496732026144,['일본'],"['코미디', '드라마', '스포츠', 'TV드라마']",최고의 선수를 영입하기 위한 두 스카우트맨의 투지와 활약을 그린 드라마
tEKzQD5,천하장하,2022,7.576923076923077,['중국'],"['역사', '드라마', 'TV드라마']","황하의 잦은 범람으로 매해 숱한 수재민이 발생하고 사상자가 넘쳐나 민생이 고달파지자, 강희 황제는 재위 기간 동안 반드시 황하를 다스리겠노라 작심한다. 백성과 함께 제방을 지키려고 애썼으나 간신의 모함으로 도리어 책임을 지고 죽을 위기에 처한 근보는 치수에 조예가 깊은 청년 진황이 쓴 책을 황제에게 올리고, 반드시 곁에 두라고 간언한다. 공명에 뜻이 없던 진황에게 황제의 간절함이 닿고, 근보와 진황은 평생 치수에 목숨 거는데…"
tEqZ1Ap,소년을 위로해줘!,2023,8.353182751540041,['한국'],"['드라마', '로맨스', 'BL', 'TV드라마']","양궁 특기생 다열은 자신에게 짓궂은 태현이 못마땅하다. 태현 때문에 불미스러운 누명을 쓰고, 그의 장난으로 조별 발표에서 망신까지 당한다. 하지만 우연히 태현의 비밀스러운 장면을 목격한 후 다열은 태현이 신경 쓰이기 시작한다."
mOVPDwN,극장판 전생했더니 슬라임이었던 건에 대하여: 홍련의 인연편,2022,8.483565107458913,['일본'],"['애니메이션', '판타지', '모험']","[템페스트]의 서쪽에 위치한 [라자 소아국]. 한때는 금 채굴로 번영했지만 지금은 번영의 그림자는 찾아볼 수조차 없고, 호수는 광산의 독에 오염되어 나라는 위기 상황에 처했다. 여왕 '토와'는 왕가에 대대로 전해 오는 왕관의 마력을 사용해 독을 제거하며 백성을 지키고 있었지만, 그 대가로 왕관에 걸려 있던 저주가 온몸에 퍼져 수명이 단축되고 있었다. 그러던 중, 템페스트에 갑자기 나타난 오거의 생존자 '히이로'. 베니마루 일행의 형님뻘이었다는 히이로는, 토와의 도움으로 살아남았던 것이었다. 자신을 구해 준 토와와 [라자 소아국]을 지키기 위해, 템페스트의 리무루에게 도움을 청하기 위해 온 히이로는 베니마루와 운명의 재회를 한다. 라자를 위기에서 구하기 위해, 그리고 토와에게 걸린 저주의 수수께끼를 풀기 위해, 리무루는 라자로 향하는데...... 그곳에는 놀라운 음모가 기다리고 있었다!"
tEQkwwp,"나는 SOLO, 그 후 사랑은 계속된다",2022,6.680851063829787,['한국'],['예능'],"<나는 SOLO> 출연자들의 사랑은 솔로 나라 밖에서도 계속된다! 솔로 탈출을 꿈꾸며 솔로 나라에 입성한 청춘 남녀의 그 후, 그들의 사랑 이야기를 담은 극사실주의 리얼리티 프로그램."
tR4J47Y,쿨하고 바보 같은 남자,2022,8.563838019086923,['일본'],"['애니메이션', '일상', '코미디']","눈길을 끄는 쿨하고 멋있는 남자들, 그들은 모두 얼빠진 사람들이었다. 얼빠진 행동도 쿨하게 만들어 남자들의 일상 이야기를 그린 애니메이션"
tl9gLM1,합리적으로 말이 안 돼 ~탐정 카미즈루 료코의 해명~,2023,7.662771285475793,['일본'],"['미스터리', '코미디', 'TV드라마']",전직 변호사 출신 탐정과 괴짜 천재 파트너가 말도 안 되는 적을 대담한 방법으로 해결해 가는 통쾌 엔터테인먼트 드라마
tRB6x2D,"심부름꾼 사이토 씨, 이세계에 가다",2023,7.85005170630817,['일본'],"['애니메이션', '판타지', '코미디', '모험']",심부름 센터 직원인 평범한 사이토씨가 이세계로 전생하게 되면서 벌어지는 이야기
tEqZ486,슈거 애플 페어리 테일 Part 2,2023,8.256410256410257,['일본'],"['애니메이션', '판타지', '모험']","앤은 왕가 훈장을 받고 은설탕사 칭호를 얻었지만, 살이 떠나버려 망연자실한다. 엘리엇의 권유로 페이지 공방에서 일하는 앤은 자신의 힘으로 샬에게 자유를 되찾아 주려고 한다."
tEm9Xyd,전생귀족의 이세계 모험록 ~자중을 모르는 신들의 사도~,2023,7.544982698961937,['일본'],"['애니메이션', '판타지', '코미디', '모험']",편의점에서 한 소녀를 지키다 죽게 된 주인공이 귀족의 셋째 아들로 환생하게 되며 이세계에서의 엉망진창 라이프를 그린 애니메이션
tRwG2Lk,경경아심: 두근두근 내 마음을 들어봐,2021,6.526881720430108,['중국'],"['로맨스', '판타지', '시대극', 'TV드라마']","영력이 최상의 능력인 계원 대륙. 노경경은 태어날 때부터 영력이 없어 늘 집 안에 갇혀 지낸다. 어느 날 노경경은 계원 대륙 최고의 영력자 남궁일흔과 우연히 만나게 되고, 그와 신체를 접촉할 때마다 자신에게 영력이 생긴다는 걸 알게 되는데…"
tE6Y2DN,청설니희환아: 한번 더 사랑해줘,2023,7.890829694323144,['중국'],"['로맨스', 'TV드라마']","7년 만에 고향에 위치한 베이야 병원 신경외과 의사로 돌아온 롼류정. 그녀는 이혼의 상처를 씻고 새로운 삶을 살기 위해 노력하지만, 베이야 병원 신경외과 최고 전문의는 공교롭게도 전남편 닝즈첸이다. 닝즈첸은 그녀에게 준 상처를 메꿔주기 위해 무뚝뚝하지만 진심으로 그녀를 돕는다. 때로는 원수처럼, 때로는 동료처럼 서로를 이끌며 새로운 감정이 시작된다."
tP8aLX3,좋아하는 애가 안경을 깜박했다,2023,7.337748344370861,['일본'],"['애니메이션', '로맨스', '로맨틱 코미디']","옆자리의 미에가 안경을 깜빡하고 왔다. 짝꿍 코무라는 곤경에 처한 미에를 도와주고 싶지만, 보려고 안간힘을 쓰는 미에와 거리가 가까워진다."
tEKzM7j,신 없는 세계의 신 활동,2023,6.933503836317136,['일본'],"['애니메이션', '판타지', '코미디']",종교 의식 도중 목숨을 잃고 이세계로 환생한 주인공이 신이 없는 이세계에서 살아남기 위해 분투하는 이야기를 그린 애니메이션
tR5KY91,빙당일하: 한여름의 아이스캔디처럼,2023,5.567567567567568,['중국'],"['로맨스', '코미디', '드라마', 'TV드라마']","샤저우 대학에서 미술을 전공하는 라두두는 그림에 빠져서 공부는 뒷전인 탓에 F학점을 맞아 유급될 지경에 놓인다. 두두는 유급만은 면하고자 재시험에 꼭 통과하기 위해 학교의 소문난 우등생 장줘에게 과외를 받게 되고 엄청나게 늘어난 공부량과 장줘의 잔소리에 두두는 삶의 자유마저 잃어버린 듯 하다. 그러던 어느 날, 집착녀 류메이가 장줘를 찾아오고 어떻게든 그녀의 마음을 단념시키고 싶은 장줘는 두두에게 자유를 줄 테니 여자친구 행세를 해 달라는 제안을 하는데..."
tPrzOxV,기묘한 이야기 2021 가을,2021,6.7725225225225225,['일본'],"['공포', '미스터리', '드라마', 'TV드라마']","판타지, 상상, 호러 등 다양한 장르를 넘나드는 단편으로 구성된 옴니버스 드라마"
tPDOgO4,영웅교실,2023,6.296551724137931,['일본'],"['애니메이션', '판타지', '액션', '로맨스']","마왕과의 전투 이후 용사의 힘을 잃어버린 전직 용사 블레이드는 영웅 양성학교 로즈우드에 입학한다. 하지만 블레이드가 원하던 평범한 일상은 오지 않고, 오히려 눈에 띄게 된다."
tRMxym4,우라미치 선생님,2021,7.472286374133949,['일본'],"['애니메이션', '코미디']",어린이 교육 프로그램에 출연하는 31살 체조 오빠와 주변 인물들의 일상을 그린 애니메이션
tR2eZpj,성락응성당: 별이 떨어질 때,2023,8.014662756598241,['중국'],"['드라마', 'TV드라마']","인간족 황후가 낳은 쌍둥이 공주 중 언니 청규는 천계 신족의 천비로, 동생 야담은 침연계 태자비로 정해진다. 같은 날 다른 곳으로 떠나는 두 사람의 가마는 뜻밖의 사고로 서로 가야 하는 곳의 반대쪽으로 향한다."
tEQka4D,사시호: 황후의 계절,2023,6.8861788617886175,['중국'],"['로맨스', '시대극', 'TV드라마']","연나라 여황제는 물에 빠진 후 기억을 잃게 된다. 물에 빠지게 된 날에 있었던 일들을 알고자 하지만 좀처럼 기억이 나지 않고, 주변에 있는 사람들은 하나같이 남편인 황후가 도와주었다는 똑같은 말만 되풀이한다. 그러던 중 여황제는 이 모든 일이 남황후가 여황제를 위해 곁에서 조작하고 있었다는 것을 알게 된다. 의심스러운 일들이 잇달아 일어나는 과정에서 여황제는 자신의 진실한 신분을 점차 알아내게 되며, 언제나 진심을 다해 자신을 보호해 주고 꿈을 이루도록 도와주는 부군에게 사랑을 느끼게 된다."
mdj2w1N,카구야 님은 고백받고 싶어 -첫 키스는 끝나지 않아-,2022,7.997032640949555,['일본'],"['애니메이션', '로맨스', '코미디']","장래가 기대되는 우수한 수재들이 모인 슈치인 학원. 슈치인 학원 학생회에서 만난 부회장 시노미야 카구야와 회장 시로가네 미유키. 낭만적인 두뇌 싸움 끝에 두 천재는 서로에 대한 감정을 공유하고 문화제에서 첫 키스를 한다. 그러나 아직 두 사람 사이에 이렇다 할 고백은 이루어지지 않고, 연인처럼 보였던 두 사람의 관계는 여전히 애매모호한 상태에서 크리스마스를 맞이하는데.. 완벽해지고 싶은 시로가네와 그의 완벽하지 않은 곳을 찾는 카구야. 천재들의 매우 ""정상적인"" 사랑 이야기가 시작된다! 아직 우리들의 첫 키스는 진행 중!"
tlAnYeB,블루 록,2022,8.323408299018055,['일본'],"['애니메이션', '스포츠', '액션', '모험']",월드컵 우승으로 이끌 스트라이커를 육성하기 위한 블루 록 프로젝트가 시작된다. FW 포지션을 맡고 있는 300명의 고등학생들이 모여 최고의 스트라이커가 되기 위한 경쟁을 시작한다.
tRWm6j8,이세계 약국,2022,8.049135220125786,['일본'],"['애니메이션', '판타지', '코미디']",이세계로 환생한 현대의 약학 연구자가 이세계에서 약국을 개업하여 잘못된 치료법을 고치고 사람들을 돕고자 분투하는 이야기를 그린 애니메이션
tPDOaX1,템테이션 아일랜드 시즌 5,2023,6.754237288135593,['미국'],['예능'],서로의 사랑을 확인하고 싶은 네 커플이 아름다운 섬으로 떠난다. 선남선녀로 가득한 템테이션 아일랜드에서 잠시 싱글로 돌아간 이들이 만들어가는 예측불허한 리얼 드라마가 시작된다.
tRaDAv3,닥터 스톤 3기,2023,8.073584905660377,['일본'],"['애니메이션', '액션', '모험', '드라마', '판타지', 'SF']","모든 인류가 수수께끼 현상에 의해 순식간에 돌로 변한 지 수천 년이 지나고, 초인적인 두뇌를 가진 소년이 깨어나, 과학의 힘으로 동료들과 세계를 되찾는 이야기를 그린 애니메이션"
tRaDAW3,빙속성 남자와 쿨한 동료 여자,2023,7.704730831973899,['일본'],"['애니메이션', '로맨틱 코미디', '로맨스', '코미디', '판타지']",사회 초년생인 설녀의 후예와 동료 직원의 판타지 러브 코미디 애니메이션
tRMxZ00,흑의 소환사,2022,7.636447733580018,['일본'],"['애니메이션', '액션', '판타지']",이세계로 환생한 배틀 능력자가 동료들과 함께 영웅으로 등극하는 배틀 스토리 애니메이션
tE6YzVN,백성녀와 흑목사,2023,7.593023255813954,['일본'],"['애니메이션', '로맨틱 코미디', '판타지']","어느 교회, 귀엽지만 엉뚱한 성녀님과 성실하지만 둔감한 목사님이 살고 있다. 성녀 세실리아의 응석을 과보호적으로 받아주는 목사 로렌스는 그가 몰래 품은 마음을 전혀 눈치채지 못한다."
tE15rLM,어른들은 모르는 고딩엄빠 4,2023,5.674418604651163,['한국'],['예능'],10대에 부모가 된 '고딩엄빠'들이 한층 성장해가는 모습을 보여주는 리얼 가족 예능 프로그램
tE15k20,펜션 메챠,2021,7.552674230145867,['일본'],"['드라마', 'TV드라마']",숲속 펜션을 운영하는 여주인과 펜션을 찾는 사람들의 이야기
tRN7gwd,해피메리엔딩,2023,7.634472511144131,['한국'],"['BL', '로맨스', '드라마', 'TV드라마']",방어력 만렙 결혼식 축가자 ‘승준’과 공격력 만렙 결혼식 반주자 ‘재현’이 만나 과거의 아픔을 위로하고 스며들어 서로의 멜로디가 되어주는 뮤직 로맨스 드라마
tEZAkbN,일곱 개의 마검이 지배한다,2023,5.798387096774194,['일본'],"['애니메이션', '액션', '판타지']","킴벌리 마법 학교 입학식에서 올리버는 이채로운 검을 멘 나나오에게 눈길을 빼앗긴다. 환영식으로 시작한 마법 생물 퍼레이드에서 갑자기 트롤이 폭주하기 시작하고, 신입생들이 위험에 처하자 나나오가 검을 뽑는다."
