code,title,year,ratings_avg,nations,genres
md76rkk,스파이더맨: 뉴 유니버스,2018,8.376914062601951,['미국'],"['애니메이션', '액션', '모험', '코미디', '가족', 'SF']"
tPrzOrr,시맨틱 에러,2022,8.52872835273307,['한국'],"['로맨스', '드라마', 'BL', 'TV드라마']"
tRW0a6P,언내추럴,2018,8.618332106445731,['일본'],"['드라마', 'TV드라마']"
mLOP7lW,바람,2009,7.886674483468104,['한국'],"['드라마', '액션']"
mMO2JAO,메멘토,2000,8.160310850923484,['미국'],"['미스터리', '스릴러']"
mdRL4eL,기생충,2019,8.592880518386183,['한국'],['드라마']
mOo0PkN,너의 이름은.,2016,8.088119383710769,['일본'],"['애니메이션', '드라마', '로맨스']"
mdMBlkR,극한직업,2018,8.378736660461783,['한국'],['코미디']
m5DP0eR,헤어질 결심,2021,8.27887604981023,['한국'],"['로맨스', '드라마', '미스터리', '범죄', '스릴러']"
mdRLwlv,컨택트,2016,7.928592266337357,['미국'],"['미스터리', 'SF', '스릴러', '드라마']"
mWJyZx5,백만엔걸 스즈코,2008,7.535778189229979,['일본'],['드라마']
tPJ1joR,바라카몬,2014,8.242929750052218,['일본'],"['애니메이션', '코미디']"
tlLrZk4,스토브리그,2019,8.650387412623354,['한국'],"['스포츠', '드라마', 'TV드라마']"
tEZAQWd,30살까지 동정이면 마법사가 될 수 있대,2020,7.990109601381278,['일본'],"['BL', '판타지', '로맨스', '코미디', 'TV드라마']"
mW4LNQP,콜 미 바이 유어 네임,2017,7.903078579453251,"['이탈리아', '프랑스', '미국', '브라질']","['드라마', '로맨스']"
m5DpxB5,더 울프 오브 월 스트리트,2013,7.623645394494141,['미국'],"['전기', '범죄', '드라마']"
m5xJngq,아가씨,2016,7.702493733648023,['한국'],"['드라마', '로맨스', '스릴러', '시대극']"
mWpbblv,"자우림, 더 원더랜드",2022,7.8749441715051365,['한국'],['다큐멘터리']
tRa3Q0l,오란고교 사교클럽,2006,8.67687320650441,['일본'],"['로맨스', '애니메이션']"
tRBxA7l,킬링 이브 시즌 1,2018,8.491357712552004,"['미국', '영국']","['드라마', '스릴러', 'TV드라마']"
tEK2x2l,커피프린스 1호점,2007,8.323242538394668,['한국'],"['로맨틱 코미디', 'TV드라마', '드라마']"
mOAgnP5,도둑들,2012,7.719604180579898,['한국'],"['범죄', '액션', '드라마']"
mNdK17W,시간을 달리는 소녀,2006,8.249942176759944,['일본'],"['애니메이션', 'SF', '판타지', '로맨스']"
mWyJpxy,암살,2015,8.006020191696946,['한국'],"['액션', '드라마']"
myWqyBW,트와일라잇,2008,7.288353003282982,['미국'],"['드라마', '판타지', '로맨스']"
tR5Kzqa,야무진 고양이는 오늘도 우울,2023,8.604967474866942,['일본'],"['애니메이션', '코미디', '일상']"
tE6YLBr,포커 페이스,2023,8.42083250348536,['미국'],"['범죄', '드라마', '미스터리', 'TV드라마']"
m5XMArN,바닷마을 다이어리,2015,7.687139458889154,['일본'],"['가족', '드라마']"
m5awavO,황해,2010,7.522078320891724,['한국'],"['스릴러', '액션', '범죄']"
mdjagwO,친구,2001,7.574730911913409,['한국'],"['액션', '범죄']"
mOo01Ld,양들의 침묵,1991,8.20383811673847,['미국'],"['범죄', '드라마', '스릴러', '공포']"
m5XBN4O,미드나잇 인 파리,2011,7.902850032098601,"['미국', '스페인', '프랑스']","['코미디', '판타지', '로맨스', '로맨틱 코미디']"
tRWm6V6,주술회전 2기: 회옥·옥절,2023,8.600177226406734,['일본'],"['애니메이션', '액션', '모험', '판타지', '스릴러']"
m5Go91n,극장판 주술회전 0,2021,8.09887811370983,['일본'],"['애니메이션', '액션', '모험', '판타지', '스릴러']"
myWqxp5,파이트 클럽,1999,8.278600366682085,"['미국', '독일', '이탈리아']","['드라마', '액션']"
mOPpNlO,비긴 어게인,2013,8.258659465239015,['미국'],"['코미디', '드라마', '음악', '로맨스']"
tlnN6J1,귀멸의 칼날: 도공 마을편,2023,8.85777381407398,['일본'],"['애니메이션', '액션', '판타지', '스릴러']"
tR5KzKN,【최애의 아이】,2023,8.047426092911769,['일본'],"['애니메이션', '드라마', '미스터리']"
tPD9aLl,아따맘마,2002,7.941358373873364,['일본'],['애니메이션']
mLOPva5,달콤한 인생,2005,7.738739316581948,['한국'],"['액션', '범죄', '드라마']"
m5ng0DW,블레이드 러너 2049,2017,7.490213104228452,"['미국', '영국', '헝가리', '캐나다', '스페인']","['액션', '드라마', '미스터리', 'SF', '스릴러']"
m5ZlXxL,나이브스 아웃,2019,8.016414443658212,['미국'],"['코미디', '범죄', '드라마', '미스터리', '스릴러']"
tEgAwJP,학원 베이비시터즈,2018,8.504326468387843,['일본'],"['애니메이션', '키즈']"
tPrzdaO,와이 우먼 킬 시즌 1,2019,8.746681017026258,['미국'],"['코미디', '범죄', '드라마', 'TV드라마']"
mgOA4mW,바스터즈: 거친 녀석들,2009,8.1301696489569,"['미국', '독일']","['모험', '드라마', '전쟁']"
m6dRLWy,타짜,2006,8.332656349259064,['한국'],['드라마']
my5Y83d,노팅 힐,1999,8.03846029776043,['영국'],"['로맨스', '로맨틱 코미디']"
tRbq439,호리미야,2021,8.413331876828217,['일본'],"['애니메이션', '로맨틱 코미디', '로맨스', '코미디', '드라마']"
tR4JrKo,좋좋소,2021,8.304202812965258,['한국'],['드라마']
mWyJ9NO,아포칼립토,2006,7.405144204386089,"['멕시코', '영국', '미국']","['액션', '모험', '드라마', '스릴러']"
m5XK6PL,작은 아씨들,2019,7.9728647431256965,['미국'],"['드라마', '로맨스']"
tEm9YpW,어쩌다 발견한 하루,2019,8.020039927308423,['한국'],"['틴에이저', '로맨스', '코미디', '드라마', 'TV드라마']"
mwWLpkW,가타카,1997,8.047232466412261,['미국'],"['SF', '드라마', '스릴러']"
mW9EZlW,늑대아이,2012,7.945826437622145,['일본'],"['판타지', '애니메이션']"
mOgBDaW,펄프 픽션,1994,8.049692656483371,['미국'],"['범죄', '드라마']"
m5X2Mlz,백두산,2019,6.8179122748445975,['한국'],"['드라마', '액션', '모험', '재난']"
mO2x9k5,어바웃 타임,2013,8.598955048973686,['영국'],"['판타지', '드라마', '로맨틱 코미디', '코미디', '로맨스']"
mOk6ZMW,오만과 편견,2005,7.94156164225897,['영국'],"['로맨스', '드라마']"
tlxkZqA,바라카몬,2023,8.41614420062696,['일본'],"['코미디', '드라마', 'TV드라마']"
tE6YL9K,언데드 걸 머더 파르스,2023,8.304107424960506,['일본'],"['애니메이션', '미스터리', '판타지']"
tRaDoKq,무직전생Ⅱ ~이세계에 갔으면 최선을 다한다~,2023,8.118072289156627,['일본'],"['애니메이션', '판타지', '모험', '코미디']"
m5mQ9z5,"광해, 왕이 된 남자",2012,7.9623430554366825,['한국'],"['시대극', '드라마', '역사']"
mBOk6gW,릴리 슈슈의 모든 것,2001,7.484797155416189,['일본'],['드라마']
m2WyDM5,에이 아이,2001,7.998248324082218,['미국'],"['모험', 'SF', '판타지', '드라마']"
m15GvKd,퀸카로 살아남는 법,2004,7.483194678500126,"['캐나다', '미국']","['로맨틱 코미디', '코미디']"
mWzxxZd,맨 프럼 어스,2007,7.831713862249872,['미국'],"['SF', '판타지', '드라마']"
tP8Q1zl,지붕 뚫고 하이킥,2009,8.27478467705025,['한국'],"['시트콤', '드라마', 'TV드라마']"
tEQkV7k,좀100 ~좀비가 되기 전에 하고 싶은 100가지~,2023,7.056463595839524,['일본'],"['애니메이션', '액션', '스릴러']"
tl9gpqj,사막의 왕,2022,6.80439980870397,['한국'],"['판타지', '드라마', 'TV드라마']"
mQO8b5R,러브레터,1995,8.00171821785885,['일본'],['로맨스']
mdj09rW,"장화, 홍련",2003,6.681295420071993,['한국'],"['공포', '스릴러']"
mOVvDap,원스 어폰 어 타임... 인 할리우드,2019,7.388994684462402,"['미국', '영국', '중국']","['코미디', '드라마']"
tRw554l,미란다 시즌 1,2009,8.476937535375972,['영국'],"['로맨스', '코미디', '시트콤', 'TV드라마']"
m5GXz42,라라랜드,2016,8.283614618863515,['미국'],"['코미디', '드라마', '음악', '뮤지컬', '로맨스']"
mYdEnE5,캐치 미 이프 유 캔,2002,8.160690737833596,"['미국', '캐나다']","['범죄', '드라마', '코미디']"
md7ZopO,2012,2009,6.838397222095308,['미국'],"['재난', '액션', '모험', 'SF']"
mWJy7M5,악마를 보았다,2010,7.55562222429268,['한국'],"['공포', '범죄', '스릴러']"
m85X9LW,이터널 선샤인,2004,8.315213490469139,['미국'],"['드라마', '로맨스', 'SF']"
m5nQ7nd,데어 윌 비 블러드,2007,8.261410788381744,['미국'],['드라마']
m5m14vD,시카리오: 암살자의 도시,2015,7.754220116722078,"['미국', '멕시코', '홍콩']","['액션', '범죄', '드라마', '미스터리', '스릴러']"
m5xJLaO,셔터 아일랜드,2010,7.766881417656083,['미국'],"['미스터리', '스릴러']"
tlObYNX,이직의 마왕님,2023,7.413173652694611,['일본'],"['드라마', 'TV드라마']"
m5Xxqp5,호빗 : 뜻밖의 여정,2012,7.62282066101502,"['뉴질랜드', '미국']","['모험', '판타지']"
mW4a6gO,로리타,1997,6.411619732216912,"['프랑스', '미국']","['드라마', '로맨스']"
m5nwoZ9,날씨의 아이,2019,7.667216655495019,['일본'],"['애니메이션', '드라마', '판타지', '로맨스']"
tR4JKw5,"최고의 교사: 1년 후, 나는 학생에게 ■당했다",2023,7.476580796252928,['일본'],"['미스터리', '스릴러', '드라마', 'TV드라마']"
m5XMJ1W,노인을 위한 나라는 없다,2007,7.994531778005986,['미국'],"['범죄', '드라마', '스릴러']"
mdBzraD,마스터,2016,7.120840615188587,['한국'],"['범죄', '스릴러', '액션']"
mOkB6jW,월드워Z,2013,7.61650110464708,"['미국', '영국', '몰타']","['액션', '모험', '공포', 'SF', '스릴러']"
tEK2B2l,태양의 후예,2016,8.181771969622964,['한국'],"['액션', '로맨스', '드라마', 'TV드라마']"
tlGNBv7,스파이 패밀리,2022,8.400303132367801,['일본'],"['애니메이션', '액션', '코미디', '드라마', '로맨틱 코미디']"
mdRLLbb,더 랍스터,2015,7.430439136900246,"['아일랜드', '영국', '그리스', '프랑스', '네덜란드', '미국']","['코미디', '드라마', '로맨스', 'SF', '스릴러']"
m5eJwn9,유전,2018,7.1192558772701355,['미국'],"['드라마', '공포', '미스터리', '스릴러']"
mdEwqpW,아키라,1988,7.723534928750794,['일본'],"['애니메이션', 'SF', '액션']"
mW4YZko,미드웨이,2019,7.666401155898044,"['미국', '캐나다']","['액션', '모험', '드라마', '역사', '전쟁']"
mNdKged,중경삼림 리마스터링,1994,8.056306859178921,['홍콩'],"['범죄', '드라마', '미스터리', '로맨스', '코미디']"
mWyzmNO,그녀,2013,7.871975992329347,['미국'],"['드라마', '로맨스', 'SF']"
tR72Ljk,브러쉬 업 라이프,2023,9.069015775034293,['일본'],"['드라마', '코미디', '판타지', 'TV드라마']"
tE1KpWP,헌터X헌터 Part 1,2011,8.577986928940094,['일본'],"['애니메이션', '액션', '판타지', '모험']"
mObGGj7,베테랑,2014,8.026258924031751,['한국'],"['액션', '드라마', '범죄']"
mdjal9O,박쥐,2009,6.732849639815456,['한국'],"['로맨스', '스릴러']"
mOAwoP5,미션 임파서블 : 고스트 프로토콜,2011,7.806372321863906,['미국'],"['액션', '모험', '스릴러']"
mOoJKyW,미션 임파서블: 로그네이션,2015,7.611948914793846,"['미국', '중국', '홍콩', '오스트리아', '영국', '모로코']","['액션', '모험', '스릴러']"
mJO1n8d,마이너리티 리포트,2002,7.957953036565837,['미국'],"['액션', '범죄', '미스터리', 'SF', '스릴러']"
mLOPKgW,트루먼 쇼,1998,8.51843903288854,['미국'],"['코미디', '드라마']"
mqW9aeW,빅 피쉬,2003,7.792231921908124,['미국'],"['모험', '판타지', '드라마']"
tRN1ZdE,수수하지만 굉장해! 교열걸 코노 에츠코 시즌 1,2016,8.112287034940257,['일본'],"['드라마', 'TV드라마']"
m5mGVzO,타짜 - 신의 손,2014,6.544621779367677,['한국'],['드라마']
m1WwY4d,시네마 천국,1988,8.55551154069614,"['이탈리아', '프랑스']",['드라마']
mW9p9DZ,연애 빠진 로맨스,2021,6.909854809828921,['한국'],"['로맨스', '코미디']"
mdKBMrJ,겟 아웃,2017,7.61193282951474,"['미국', '일본']","['공포', '미스터리', '스릴러', '드라마']"
mOgBjN9,카메라를 멈추면 안 돼!,2017,7.5012633110655464,['일본'],"['공포', '코미디', '드라마']"
mjO0zL5,대부,1972,8.55241220121707,['미국'],"['범죄', '드라마']"
tEKzxg5,며느라기 2…ing,2022,8.365693130399013,['한국'],"['드라마', 'TV드라마']"
tR5799l,퐁당퐁당 LOVE,2015,8.287483330615064,['한국'],"['드라마', '로맨스', '코미디', '판타지', '시대극', 'TV드라마']"
m5nQDa3,청년경찰,2017,7.693978134338892,['한국'],['액션']
mY5QnJW,올드보이,2003,8.223356441393062,['한국'],"['드라마', '범죄', '미스터리', '스릴러']"
mOoepm5,호빗: 스마우그의 폐허,2013,7.713475295569378,"['뉴질랜드', '미국']","['모험', '판타지']"
mWy1eyW,밀레니엄 : 여자를 증오한 남자들,2011,7.156014102032351,"['미국', '스웨덴', '노르웨이']","['범죄', '드라마', '미스터리', '스릴러']"
tlAngGW,터무니없는 스킬로 이세계 방랑 밥,2023,8.56232105363619,['일본'],"['애니메이션', '판타지', '모험']"
mWpmYgO,뉴 문,2009,6.741214723037351,['미국'],"['모험', '드라마', '판타지', '로맨스']"
m5DGE4B,검사외전,2015,7.424432426602571,['한국'],"['드라마', '액션', '코미디', '범죄']"
my5YK3O,화양연화 리마스터링,2000,8.097090347897277,"['홍콩', '중국']","['드라마', '로맨스']"
m5rQwBD,곤지암,2017,6.055979726648513,['한국'],"['공포', '스릴러', '미스터리']"
mOo0DqZ,남한산성,2017,7.309368777485545,['한국'],"['드라마', '시대극', '전쟁', '액션', '역사']"
mWwBw83,그것만이 내 세상,2017,7.534603919562967,['한국'],"['드라마', '코미디', '가족']"
tRp4vN6,스킵과 로퍼,2023,8.87375873482898,['일본'],"['애니메이션', '로맨스']"
mdErj22,엑시트,2019,7.979415181241834,['한국'],"['코미디', '액션', '재난', '가족']"
moW4XlW,쉰들러 리스트,1993,8.394381874419185,['미국'],"['전기', '드라마', '역사', '전쟁']"
mO2MKGW,터미널,2004,7.909847183029788,['미국'],"['코미디', '드라마', '로맨스']"
mOgmjY5,관상,2013,7.370677339645059,['한국'],"['드라마', '시대극', '역사']"
tl9gDDb,호심,2023,8.28159645232816,['중국'],"['판타지', '드라마', 'TV드라마']"
mM5r8jO,더 문,2009,7.41756557979897,"['영국', '미국']","['드라마', '미스터리', 'SF']"
mdEw9nb,위플래쉬,2014,8.111353872762342,['미국'],"['드라마', '음악']"
m5ZXYKL,그레이의 50가지 그림자,2015,6.005543092260797,['미국'],"['드라마', '로맨스', '스릴러']"
mdjawmz,서치,2018,7.7582122618622575,"['미국', '러시아']","['드라마', '미스터리', '스릴러']"
m5rgjEW,오블리비언,2013,6.925566938902552,['미국'],"['액션', '모험', 'SF']"
m5eJ1wR,아이 캔 스피크,2017,7.888546770568948,['한국'],['드라마']
tPVd37N,수업중입니다 2,2023,8.1625,['한국'],"['드라마', '로맨스', 'BL', 'TV드라마']"
mVWzB0W,오페라의 유령,2004,7.621453871179064,"['영국', '미국']","['로맨스', '뮤지컬', '음악', '드라마']"
m5Qq28G,스파이더맨: 홈커밍,2017,8.269783627560749,['미국'],"['액션', '모험', 'SF']"
m6dRKb5,아이덴티티,2003,8.076424277858933,['미국'],"['공포', '스릴러']"
m9dBPzW,해리가 샐리를 만났을 때,1989,7.774923758118644,['미국'],"['코미디', '드라마', '로맨스', '로맨틱 코미디']"
m5XMP4W,디센트,2005,6.596411259839018,['영국'],"['모험', '공포', '스릴러']"
mWv1lb5,범죄와의 전쟁 : 나쁜놈들 전성시대,2012,8.054031524238987,['한국'],"['액션', '범죄', '드라마']"
my5Yqj5,원스 어폰 어 타임 인 아메리카,1984,8.094108633281168,"['이탈리아', '미국']","['범죄', '드라마']"
mOVvJrq,미 비포 유,2016,7.866578915878904,"['영국', '미국']","['드라마', '로맨스']"
tPrz9Zw,하이큐!! TO THE TOP,2020,9.259550356424786,['일본'],"['애니메이션', '코미디', '드라마', '스포츠']"
mdEw3GE,동급생,2016,8.570445797807551,['일본'],"['애니메이션', '드라마', '로맨스', 'BL']"
mOgB6YW,스크림,1996,6.873551963048499,['미국'],"['공포', '미스터리']"
mY5QaG5,미션 임파서블,1996,8.079520422498137,['미국'],"['액션', '모험', '스릴러']"
tPDOwA1,문호 스트레이독스 5기,2023,8.922048997772828,['일본'],"['애니메이션', '액션', '코미디', '범죄', '판타지', '미스터리']"
mdKy7RW,장고: 분노의 추적자,2012,7.860774869430937,['미국'],"['드라마', '서부극']"
mdBzxzd,12명의 성난 사람들,1957,8.54487035693079,['미국'],"['범죄', '드라마']"
m5m1YNG,완벽한 타인,2018,7.642064431361143,['한국'],"['코미디', '드라마']"
mOb4jX5,썸머워즈,2009,7.530358269648741,['일본'],"['애니메이션', 'SF', '모험']"
mQO8625,김씨 표류기,2009,6.953071484451193,['한국'],"['드라마', '로맨스', '코미디']"
m5QqX75,크로우즈 제로,2007,7.1097310338665,['일본'],"['스릴러', '틴에이저', '액션']"
mdjwRKw,말모이,2018,7.564131980625826,['한국'],['드라마']
mdMgAmm,나를 찾아줘,2014,7.865403656821378,['미국'],"['드라마', '미스터리', '스릴러']"
m5YKE2j,미드소마,2019,6.777203193825152,"['미국', '스웨덴', '헝가리']","['드라마', '공포', '미스터리', '스릴러']"
mWwBMP3,불한당: 나쁜 놈들의 세상,2016,7.586643032597072,['한국'],"['범죄', '액션', '드라마']"
tPJZKMp,"이쪽을 봐줘, 무카이군",2023,7.910621761658031,['일본'],"['로맨스', '코미디', '로맨틱 코미디', 'TV드라마']"
mW4Gpo5,브레이킹 던 part1,2011,7.269899768327314,['미국'],"['모험', '드라마', '판타지', '로맨스', '스릴러']"
m5DEeQW,브레이킹 던 part2,2012,7.312304010756783,['미국'],"['모험', '드라마', '판타지', '로맨스']"
m5rwLXm,타짜: 원 아이드 잭,2019,5.629606351730949,['한국'],"['범죄', '드라마']"
tEZAgkK,VIVANT,2023,7.257178526841448,['일본'],"['드라마', 'TV드라마']"
mO8KzlX,싱 스트리트,2016,7.934226222632847,"['아일랜드', '영국']","['코미디', '드라마', '음악', '로맨스']"
mO02n15,설국열차,2013,7.5215732558366915,['한국'],"['액션', 'SF', '스릴러', '모험', '드라마']"
mObMNNW,인 타임,2011,7.144774564034016,['미국'],"['액션', 'SF', '스릴러']"
tEg84eR,원펀맨,2015,8.42673396698551,['일본'],"['코미디', '애니메이션', '액션']"
tRXNpDl,나츠메 우인장 1기,2008,8.417498442257727,['일본'],['애니메이션']
m5aVQDW,미녀는 괴로워,2006,6.927976402389249,['한국'],"['코미디', '드라마']"
mW9GGZd,최종병기 활,2011,7.115286295956191,['한국'],"['시대극', '액션', '전쟁']"
tlGmjZR,거침없이 하이킥,2006,8.539600674054027,['한국'],"['가족', '코미디', '시트콤', '드라마', 'TV드라마']"
m5x1Mex,소년시절의 너,2019,8.258308561236623,"['중국', '홍콩']","['범죄', '가족', '드라마', '로맨스']"
m5rboD5,마스터,2012,7.628145256848121,['미국'],['드라마']
mV53xjW,존 말코비치 되기,1999,7.714929151461354,['미국'],"['드라마', '코미디', '판타지']"
mWyJ9zN,이스케이프 룸,2019,7.0353071654794705,"['미국', '남아프리카 공화국']","['액션', '모험', '공포', '미스터리', '스릴러']"
mWyaxex,타오르는 여인의 초상,2019,8.036736142238158,['프랑스'],"['드라마', '로맨스']"
m6dRLLW,"색, 계",2007,7.311009650688699,"['미국', '중국', '대만']","['드라마', '역사', '로맨스', '스릴러', '전쟁']"
mWqJ94B,헤이트풀8,2015,7.713671453560842,['미국'],"['액션', '스릴러', '서부극', '범죄']"
mdRL9gW,친절한 금자씨,2005,7.4576288779775854,['한국'],"['드라마', '스릴러', '범죄']"
mdjlyzW,은밀하게 위대하게,2013,6.8672204700547725,['한국'],"['액션', '드라마', '코미디']"
mWvkVDZ,오베라는 남자,2015,7.695898701451319,['스웨덴'],"['코미디', '드라마', '로맨스']"
m5ZXrxO,아저씨,2010,7.875815634071083,['한국'],"['드라마', '액션', '범죄']"
mYdE4GO,라이언 일병 구하기,1998,8.325241400151507,['미국'],"['전쟁', '액션', '드라마']"
m5ZlbBL,시맨틱 에러: 더 무비,2022,8.390684011749896,['한국'],"['로맨스', 'BL']"
m533Z8p,탐정 : 더 비기닝,2015,6.966608564404808,['한국'],"['미스터리', '드라마', '코미디', '범죄', '스릴러']"
mAd7vBO,아기공룡 둘리: 얼음별 대모험 리마스터링,1996,7.578338145652872,['한국'],"['애니메이션', '코미디', '가족', 'SF', '모험']"
tRzL165,약속의 네버랜드,2019,8.457581711019825,['일본'],"['애니메이션', '판타지', '공포', '미스터리', 'SF', '스릴러']"
md7Y8Z8,드라이브 마이 카,2021,8.021170962077942,['일본'],['드라마']
m5Go0qr,폴: 600미터,2022,6.409477636769808,['미국'],['스릴러']
mW428nl,애프터 양,2021,7.9667588761116575,['미국'],"['SF', '드라마']"
mOkzRgW,큐어,1997,7.998378531760509,['일본'],"['스릴러', '미스터리']"
tR7BLnE,오피스 시즌 1,2005,8.059451031879538,['미국'],"['코미디', '시트콤', 'TV드라마']"
tPJZ6jo,체인소 맨,2022,8.18555453559209,['일본'],"['애니메이션', '액션', '판타지']"
tR5KZqL,미스터리라 하지 말지어다,2022,8.58076950031537,['일본'],"['미스터리', 'TV드라마']"
mWw3EXX,애프터썬,2022,7.9164329594017095,"['영국', '미국']",['드라마']
mWpbEqM,내부자들: 디 오리지널,2015,8.013456544467303,['한국'],"['범죄', '드라마']"
mWyaQ4V,명탐정 코난: 진홍의 수학여행,2020,8.042306072094842,['일본'],['애니메이션']
tEZAY0d,새빛남고 학생회,2021,8.441830958422798,['한국'],"['틴에이저', 'BL', '로맨스', '드라마', 'TV드라마']"
tlGNQ2B,나기의 휴식,2019,7.987924467136721,['일본'],"['코미디', '드라마', '로맨스', 'TV드라마']"
tRMxXgn,천관사복,2020,9.076079778100647,['중국'],"['애니메이션', '액션', '모험', '판타지', '드라마', '로맨스', 'BL']"
mOkLpok,지저귀는 새는 날지 않는다,2020,7.891309535985817,['일본'],"['애니메이션', '범죄', '드라마', '로맨스', 'BL']"
m5rQw27,팬텀 스레드,2017,8.129461536401854,"['미국', '영국']","['드라마', '로맨스']"
tR57N1l,99.9 ~형사 전문 변호사~ 시즌 1,2016,8.232634457611669,['일본'],"['드라마', '범죄', 'TV드라마']"
tR5wkZl,한니발 시즌 1: 완전판,2013,8.129277847586666,['미국'],"['범죄', '드라마', '공포', '미스터리', '스릴러', 'TV드라마']"
tEm9KLB,안기고 싶은 남자 1위에게 협박 당하고 있습니다,2018,8.264820617765556,['일본'],"['애니메이션', '로맨스', 'BL', '드라마']"
m5NVM3E,물에 빠진 나이프,2016,6.922829454285488,['일본'],"['드라마', '로맨스']"
tRwGxbD,콩트가 시작된다,2021,8.766408813877169,['일본'],"['드라마', 'TV드라마']"
m5mY8q3,미드소마 감독판,2019,7.236250283954668,['미국'],"['드라마', '공포', '미스터리', '스릴러']"
tlLmw4E,보석의 나라,2017,7.935343228200371,['일본'],"['애니메이션', '액션']"
mOl4QPN,분노,2016,7.543302146695399,['일본'],"['미스터리', '드라마']"
tE3ADW1,최애,2021,8.473126890905855,['일본'],"['스릴러', '로맨스', '드라마', 'TV드라마']"
tEQkYXw,전생했더니 슬라임이었던 건에 대하여 2기,2021,8.871573571243859,['일본'],"['애니메이션', '액션', '모험', '코미디', '판타지']"
md7YyKB,나의 별에게,2021,8.266510538641686,['한국'],"['로맨스', 'BL']"
tRB6xAw,외톨이 THE ROCK!,2022,8.593089221248066,['일본'],"['애니메이션', '음악', '일상']"
tR2ezDD,명탐정 코난 18기,2019,8.913132777576417,['일본'],"['애니메이션', '액션', '모험', '코미디', '범죄', '드라마', '미스터리', '로맨스', '스릴러']"
mWLyRyr,로스트 도터,2021,7.126874553677696,"['미국', '영국', '이스라엘']",['드라마']
tlObGeB,올드 패션 컵케이크,2022,8.368842513952924,['일본'],"['로맨스', 'BL', 'TV드라마']"
mWpRnKd,오디션,2000,6.725422427035331,['일본'],"['공포', '미스터리']"
m5Z391L,9명의 번역가,2019,6.802749071937393,"['프랑스', '벨기에']","['미스터리', '스릴러']"
tEm9oQr,니시아적영요: 너는 나의 영광,2021,8.715490694872138,['중국'],"['로맨스', '드라마', 'TV드라마']"
tRp4Me5,겨울 지나 벚꽃,2022,8.261090171064076,['한국'],"['BL', '로맨스', 'TV드라마']"
m5Goapn,옥수역귀신,2022,3.0025813113061437,['한국'],"['미스터리', '공포']"
mOPVoqY,오타쿠에게 사랑은 어려워,2020,6.40810700428834,['일본'],"['코미디', '뮤지컬', '로맨스']"
tR2eZJz,오버로드 4기,2022,8.698769876987699,['일본'],"['애니메이션', '액션', '판타지']"
tPd3Ak1,달이 이끄는 이세계 여행,2021,8.324439053972105,['일본'],"['애니메이션', '판타지', '액션', '코미디']"
tPj19b0,진격의 거인 The Final Season 파트 3 (완결편 전편),2023,8.82102851323829,['일본'],"['애니메이션', '액션', '모험', '드라마', '판타지', '공포']"
tPeWroD,나의 별에게,2021,8.084332368747416,['한국'],"['드라마', '로맨스', 'BL']"
mdKpvJ1,성의 극약,2020,5.9371443352302125,['일본'],"['드라마', '로맨스', 'BL']"
tR5KVAa,86 -에이티식스-,2021,8.857884737175427,['일본'],"['애니메이션', 'SF', '전쟁', '액션']"
mdEm30g,유랑의 달,2022,7.006962710815411,['일본'],"['드라마', '미스터리']"
tlAnxBw,준과 준,2023,8.145810663764962,['한국'],"['로맨스', 'BL', '코미디', 'TV드라마']"
tRWmW08,가가니별포: 네가 어디 있든,2023,8.344262295081966,['중국'],"['드라마', '로맨스', 'BL', 'TV드라마']"
tE15Lnv,자동판매기로 다시 태어난 나는 미궁을 방랑한다,2023,6.96969696969697,['일본'],"['애니메이션', '판타지', '코미디']"
tPeWZ5G,야마다 군과 Lv999의 사랑을 하다,2023,8.591458333333334,['일본'],"['애니메이션', '로맨스', '코미디']"
tPeWoAe,구소한야난 - 너의 온도,2023,7.581896551724138,['중국'],"['로맨스', '드라마', '시대극', 'TV드라마']"
tE3AbD1,레벨 1이지만 유니크 스킬로 최강입니다,2023,6.940568475452197,['일본'],"['애니메이션', '판타지', '모험']"
tPy8oM9,바람의 검심 -메이지 검객 낭만기-,2023,8.083783783783783,['일본'],"['애니메이션', '액션', '시대극']"
tRB64k7,하야부사 소방단,2023,7.622540250447227,['일본'],"['미스터리', '드라마', 'TV드라마']"
tRzLD0M,"실은 나, 최강이었다?",2023,7.411538461538462,['일본'],"['애니메이션', '판타지', '모험']"
tPj1AQg,블루밍,2022,8.096750369276219,['한국'],"['드라마', '로맨스', 'BL', 'TV드라마']"
mW42G2R,피기,2021,5.491682661548305,['스페인'],"['드라마', '스릴러', '공포']"
tRzLoLM,이상한 전생,2023,7.122065727699531,['일본'],"['애니메이션', '판타지', '모험']"
tRB64x7,왕에게 바치는 약지,2023,7.750663129973475,['일본'],"['로맨스', '코미디', '로맨틱 코미디', 'TV드라마']"
tP8az0d,침향여설,2022,8.369186046511627,['중국'],"['판타지', 'SF', '로맨스', 'TV드라마']"
tRwGvzL,마슐,2023,7.932098765432099,['일본'],"['애니메이션', '판타지', '코미디', '액션']"
tl9gLNb,트랙터는 사랑을 싣고,2023,8.232403718459496,['한국'],"['드라마', '코미디', '로맨스', 'BL', 'TV드라마']"
tlObd36,이세계 유유자적 농가,2023,8.123476848090982,['일본'],"['애니메이션', '판타지', '코미디']"
tPy8JQg,여덟 번째 감각,2023,8.30192878338279,['한국'],"['로맨스', 'BL']"
tPrzZmW,이세계에서 치트 스킬을 얻은 나는 현실 세계에서도 무쌍한다 ~레벨업이 인생을 바꿨다~,2023,7.107066381156317,['일본'],"['애니메이션', '판타지', '액션', '모험']"
tR72Z69,블리치 천년혈전 편,2022,8.620341614906833,['일본'],"['애니메이션', '액션', '모험', '판타지']"
mWvoNZO,무엇에 쓰는 물건인고,1993,5.530632911392405,['한국'],"['로맨스', '코미디']"
tE6Y23M,한여름의 신데렐라,2023,5.808035714285714,['일본'],"['로맨스', 'TV드라마']"
tPJZm2w,신입사원,2022,7.545499021526418,['한국'],"['로맨스', 'BL', '드라마', 'TV드라마']"
tE3ALJK,나의 신부 군,2023,7.3729128014842304,['일본'],"['로맨스', '코미디', '로맨틱 코미디', 'TV드라마']"
tEqZ4Dp,모노노가타리 제2장,2023,8.395209580838323,['일본'],"['애니메이션', '액션', '판타지']"
tlxkXQ5,풍덕빌라 304호의 사정,2022,8.018867924528301,['한국'],"['로맨스', 'BL', 'TV드라마']"
tPVd36L,알바 뛰는 마왕님!! Part 2,2023,7.610169491525424,['일본'],"['애니메이션', '판타지', '코미디']"
tlxkZan,라스트 맨 -전맹의 수사관-,2023,8.195624195624196,['일본'],"['드라마', '미스터리', 'TV드라마']"
tE6Y2kQ,절배수심당: 사랑의 맛,2023,6.896551724137931,['중국'],"['로맨스', '드라마', 'TV드라마']"
mdj29Gq,섹스 스캔들,2021,5.474137931034483,['폴란드'],"['드라마', '로맨스', '범죄', '스릴러']"
tPj1Bew,최강 음양사의 이세계 전생기,2023,7.720083246618106,['일본'],"['애니메이션', '판타지', '액션', '모험']"
tRwGb9D,밥만 잘 사주는 이상한 이사님,2022,7.711399711399712,['한국'],"['BL', '로맨스', 'TV드라마']"
tlLrdaW,어둠의 실력자가 되고 싶어서!,2022,8.020918070889017,['일본'],"['애니메이션', '판타지', '코미디']"
tEgMoOA,이 멋진 세계에 폭염을!,2023,7.5659824046920825,['일본'],"['애니메이션', '판타지', '코미디']"
tEQkVwA,드래프트 킹,2023,7.908496732026144,['일본'],"['코미디', '드라마', '스포츠', 'TV드라마']"
tEKzQD5,천하장하,2022,7.576923076923077,['중국'],"['역사', '드라마', 'TV드라마']"
tEqZ1Ap,소년을 위로해줘!,2023,8.353182751540041,['한국'],"['드라마', '로맨스', 'BL', 'TV드라마']"
mOVPDwN,극장판 전생했더니 슬라임이었던 건에 대하여: 홍련의 인연편,2022,8.483565107458913,['일본'],"['애니메이션', '판타지', '모험']"
tEQkwwp,"나는 SOLO, 그 후 사랑은 계속된다",2022,6.680851063829787,['한국'],['예능']
tR4J47Y,쿨하고 바보 같은 남자,2022,8.563838019086923,['일본'],"['애니메이션', '일상', '코미디']"
tl9gLM1,합리적으로 말이 안 돼 ~탐정 카미즈루 료코의 해명~,2023,7.662771285475793,['일본'],"['미스터리', '코미디', 'TV드라마']"
tRB6x2D,"심부름꾼 사이토 씨, 이세계에 가다",2023,7.85005170630817,['일본'],"['애니메이션', '판타지', '코미디', '모험']"
tEqZ486,슈거 애플 페어리 테일 Part 2,2023,8.256410256410257,['일본'],"['애니메이션', '판타지', '모험']"
tEm9Xyd,전생귀족의 이세계 모험록 ~자중을 모르는 신들의 사도~,2023,7.544982698961937,['일본'],"['애니메이션', '판타지', '코미디', '모험']"
tRwG2Lk,경경아심: 두근두근 내 마음을 들어봐,2021,6.526881720430108,['중국'],"['로맨스', '판타지', '시대극', 'TV드라마']"
tE6Y2DN,청설니희환아: 한번 더 사랑해줘,2023,7.890829694323144,['중국'],"['로맨스', 'TV드라마']"
tP8aLX3,좋아하는 애가 안경을 깜박했다,2023,7.337748344370861,['일본'],"['애니메이션', '로맨스', '로맨틱 코미디']"
tEKzM7j,신 없는 세계의 신 활동,2023,6.9335038363171355,['일본'],"['애니메이션', '판타지', '코미디']"
tR5KY91,빙당일하: 한여름의 아이스캔디처럼,2023,5.5675675675675675,['중국'],"['로맨스', '코미디', '드라마', 'TV드라마']"
tPrzOxV,기묘한 이야기 2021 가을,2021,6.7725225225225225,['일본'],"['공포', '미스터리', '드라마', 'TV드라마']"
tPDOgO4,영웅교실,2023,6.296551724137931,['일본'],"['애니메이션', '판타지', '액션', '로맨스']"
tRMxym4,우라미치 선생님,2021,7.472286374133949,['일본'],"['애니메이션', '코미디']"
tR2eZpj,성락응성당: 별이 떨어질 때,2023,8.014662756598241,['중국'],"['드라마', 'TV드라마']"
tEQka4D,사시호: 황후의 계절,2023,6.8861788617886175,['중국'],"['로맨스', '시대극', 'TV드라마']"
mdj2w1N,카구야 님은 고백받고 싶어 -첫 키스는 끝나지 않아-,2022,7.997032640949555,['일본'],"['애니메이션', '로맨스', '코미디']"
tlAnYeB,블루 록,2022,8.323408299018055,['일본'],"['애니메이션', '스포츠', '액션', '모험']"
tRWm6j8,이세계 약국,2022,8.049135220125786,['일본'],"['애니메이션', '판타지', '코미디']"
tPDOaX1,템테이션 아일랜드 시즌 5,2023,6.754237288135593,['미국'],['예능']
tRaDAv3,닥터 스톤 3기,2023,8.073584905660377,['일본'],"['애니메이션', '액션', '모험', '드라마', '판타지', 'SF']"
tRaDAW3,빙속성 남자와 쿨한 동료 여자,2023,7.704730831973899,['일본'],"['애니메이션', '로맨틱 코미디', '로맨스', '코미디', '판타지']"
tRMxZ00,흑의 소환사,2022,7.6364477335800185,['일본'],"['애니메이션', '액션', '판타지']"
tE6YzVN,백성녀와 흑목사,2023,7.593023255813954,['일본'],"['애니메이션', '로맨틱 코미디', '판타지']"
tE15rLM,어른들은 모르는 고딩엄빠 4,2023,5.674418604651163,['한국'],['예능']
tE15k20,펜션 메챠,2021,7.552674230145867,['일본'],"['드라마', 'TV드라마']"
tRN7gwd,해피메리엔딩,2023,7.634472511144131,['한국'],"['BL', '로맨스', '드라마', 'TV드라마']"
tEZAkbN,일곱 개의 마검이 지배한다,2023,5.798387096774194,['일본'],"['애니메이션', '액션', '판타지']"
